query	BLM protests
"@AJEnglish - Don't worry the 'talks' are ongoing.
- These aren't the BLM protests, the farmers here in India are negotiating.
- Foreign agencies are trying to shape it as a REBELLION which it actually isn't.
- Al Jazeera, and others can calm down.
- We're a 'sovereign' not just a democracy."	1230881035463864320	Sat Dec 05 18:38:25 +0000 2020	[]	0	0	https://twitter.com/Rishi_saxena21/status/1335292457307652097
"@Lesleyp09009677 @jeffw355 @AnthonySabatini I criticized them for their hypocrisy. The Democrats supported the maskless riots by BLM/Antifa. 

As for my personal opinion, I support everyone's right to protest; just keep it peaceful."	1006954825291042817	Sat Dec 05 18:26:10 +0000 2020	[]	0	0	https://twitter.com/MarlboroMike2/status/1335289378185355265
@RJMacReady20 @bigknightywhu @SkySportsNews The players don‚Äôt. They don‚Äôt have to kneel. Sky Sports might have the BLM slogan on their programmes but the players say they protest BECAUSE black lives matter. Not specifically FOR the group	1190921894964482050	Sat Dec 05 17:38:14 +0000 2020	[]	0	0	https://twitter.com/PaulRavens39/status/1335277312850464769
Sat Jul 18 2020 Portland, Oregon - Police shove protesters obeying directions WATCH: https://t.co/g2sWr5Ltcr #PortlandOregon #PPD #blacklivesmatter #blm #defundthepolice #abolishthepolice	959164529551790080	Sat Dec 05 17:32:08 +0000 2020	['PortlandOregon', 'PPD', 'blacklivesmatter', 'blm', 'defundthepolice', 'abolishthepolice']	0	0	https://twitter.com/tbasharks/status/1335275780490858497
@RavePigeon @GaiusBaltar18 @GaryLineker No it‚Äôs not, MLK took the knee back in the 60s, it‚Äôs a symbol of protest. BLM didn‚Äôt exist in the 60s so clearly it‚Äôs been around long before they existed.	3086167250	Sat Dec 05 17:17:29 +0000 2020	[]	0	0	https://twitter.com/JGoddard0/status/1335272090354782210
"@Thedouglout79 @hawt_red @bha_tomorrow @SkySportsNews I'm fairly sure the pissing was from the counter protest. 

Anyway its irrelevant, they removed the BLM stuff, probably because of the other stuff, this is simple ""No Room for Racism"""	1223364523836481536	Sat Dec 05 17:04:20 +0000 2020	[]	0	0	https://twitter.com/NUFCDeenJam/status/1335268781002809345
Wed Nov 04 2020 Portland, Oregon - Officers charged protesters &amp; press WATCH: https://t.co/29CDmq6M49 #PortlandOregon #PPD #blacklivesmatter #blm #defundthepolice #abolishthepolice	959164529551790080	Sat Dec 05 16:32:08 +0000 2020	['PortlandOregon', 'PPD', 'blacklivesmatter', 'blm', 'defundthepolice', 'abolishthepolice']	0	0	https://twitter.com/tbasharks/status/1335260679050289154
The brave BLM-Antifa militants.. coming through with their 'We'll shut everything down' threat of a few days ago.. as expected in the  same liberal, police-free cesspool they have been 'protesting' (ie, rioting) in the past 9 months.	16440311	Sat Dec 05 14:03:38 +0000 2020	[]	0	0	https://twitter.com/jallan7982/status/1335223306547585027
"@AllenPeacocke1 It's getting worse as the day goes on. I guarantee some lads who complained about BLM protests are shoulder to shoulder in the queue for JD Sports.
I seriously might just fuck off home"	806498302711758849	Sat Dec 05 13:05:49 +0000 2020	[]	0	0	https://twitter.com/jamielockdown/status/1335208755898814464
If you care about ending racism : participate in protests, support black family businesses, uplift their voice, not be their voice. Having blm in your bio and tweeting all day at morons isn't helping anyone.	2562756277	Sat Dec 05 11:04:48 +0000 2020	[]	0	0	https://twitter.com/ArtOfAqua/status/1335178301791408128
"This weekend ‚ÄúProud Boys‚Äù (MAGA in Masks) chased down a white BLM protester, beat him up, and pepper-sprayed him.

Trump‚Äôs ‚Äúagitators‚Äù. Smh. https://t.co/pqOZGak18b
via RexChapman
#BeRUTHLESS"	1225793633342935043	Fri Dec 04 20:10:20 +0000 2020	['BeRUTHLESS']	0	0	https://twitter.com/VippusaO/status/1334953203910266880
"@Friended4Ever Yeah, and maybe if you tweet something that ""offends"" the ""woke"" mob on Twitter #Antifa and #BLM ""peaceful protesters"" WON'T show up at your house to kindly ""threaten"" you AND your family. https://t.co/lTArb3zUG1"	385632474	Fri Dec 04 19:06:25 +0000 2020	['Antifa', 'BLM']	0	0	https://twitter.com/maskedvoyeur/status/1334937119308083200
"The CCP used artificial intelligence and big data to incite Americans on how to riot in Antifa and BLM protests. This went beyond subversion. It was actually an act of war!
 https://t.co/elbYMCcSD7"	1318378018121932800	Fri Dec 04 18:41:56 +0000 2020	[]	0	0	https://twitter.com/renwoxingrwx1/status/1334930955409248261
When #Fauci told us not to congregate in groups and then refused to condemn #BLM protests during testimony in front of Congress, he lost all of his credibility and became a verified blue check mark political hack.	781691036825423873	Fri Dec 04 18:16:34 +0000 2020	['Fauci', 'BLM']	0	0	https://twitter.com/neurosidafex/status/1334924571221381122
@darwin_notebook @TheGreenNewDill @AP Shhh don't point that out! You're going to throw it into a fit. You KNOW they don't like to admit that they cause far more property damage over some stupid sport event than any BLM protest ever has.	2202513882	Fri Dec 04 00:24:57 +0000 2020	[]	0	0	https://twitter.com/keefe_todd/status/1334654890459578369
@DaveStinton @MikeDrucker @newtgingrich Right because it‚Äôs the republicans telling ppl to harasses Dems in public. Can‚Äôt forget the Republican led Antifa and BLM with all the peaceful protests lol fool	434927181	Thu Dec 03 23:59:16 +0000 2020	[]	0	0	https://twitter.com/_DHopper_/status/1334648429348343814
Also most people in the BLM protests don‚Äôt give a shit about anarchism or Marxism Leninism. After the beginning outburst that was mostly powered by the black proletariat who have not really as a demographic been claimed by any left tendencies and post that most of the	1186650626241024000	Thu Dec 03 23:33:18 +0000 2020	[]	0	0	https://twitter.com/comradecorm/status/1334641891695013894
What a disgusting,  pathetic excuse from @kayleihmcenany comparing BLM protests or burning businesses to having INDOOR holiday parties when we already know the white house has had several super spreaders! Shame on you! WE ARE NOT STUPID!	1334223249723457537	Thu Dec 03 19:45:07 +0000 2020	[]	0	0	https://twitter.com/Kathy30715574/status/1334584469773119488
@FAlRY0NGS pls show the proof that she called a professional photographer to take pics of her at a blm protest then show me her going home afterwards. pls. i‚Äôm begging	1196185816902569984	Thu Dec 03 19:26:54 +0000 2020	[]	0	0	https://twitter.com/FORGlVEMEE/status/1334579884245528576
"How come tickets were not issued to BLM/Antifa protestors or teacher and health union protests during COVID?
@nenshi @doniveson @jkenney They are a special class of people I suppose.https://t.co/K3uKJUyv0C"	1271565540679577600	Thu Dec 03 19:17:49 +0000 2020	[]	0	0	https://twitter.com/mandarin_jaded/status/1334577597229932545
query	George Floyd death
The Black Lives Matter movement emerged in 2013 after the acquittal of the Florida man who fatally shot 17-year-old Trayvon Martin, and exploded in size and influence earlier this year after the death of George Floyd in Minneapolis police custody. https://t.co/aj6SanoJ6X	141362489	Sat Dec 05 13:34:02 +0000 2020	[]	0	0	https://twitter.com/BlackHillsFOX/status/1335215860596797442
"Nike, Coca-Cola and Apple, three corporations that vehemently supported the Black Lives Matter movement after the death of George Floyd, are lobbying against a US ban on imports of products produced by Chinese slave labor.
The Uyghur Forced Labor ...
https://t.co/CeeTFgFpr1"	1322713668799389697	Thu Dec 03 19:00:49 +0000 2020	[]	0	0	https://twitter.com/1BUV_News/status/1334573320595886080
"Deontay Wilder‚Äôs message on racism and the death of George Floyd is a powerful one. #TilThisDay

(via @BronzeBomber) https://t.co/UUlaRPCS5I"	1201310564091228165	Sat Jun 06 00:09:49 +0000 2020	['TilThisDay']	483	135	https://twitter.com/ESPNRingside/status/1269058879331106816
"@adrianachechik @brazzers @vixen #racist
#racism #blm #GeorgeFloyd 
Racism=hate 
Hate=death of George Floyd
https://t.co/siCcT0z9xa"	1169368862854451201	Sat Dec 05 18:52:00 +0000 2020	['racist', 'racism', 'blm', 'GeorgeFloyd']	0	0	https://twitter.com/Micheal224488/status/1335295879394234370
@pecos_pest_ @henrywinter It was all inspired by criminal George Floyds death, out of which BLM used it to propel their narrative! Taking the knee is ugly, divisive and anachronistic! It doesn‚Äôt belong in the UK.	22836738	Sat Dec 05 18:23:37 +0000 2020	[]	0	0	https://twitter.com/thebestpolicy/status/1335288736314249216
@TheReal9pmShow @SykseySykes @LA_Kings_Ire @GaryLineker The whole thing started in football on the back of George Floyd's death. That and the manifesto of the official BLM organisations makes it hugely political. No point denying it.	79143966	Sat Dec 05 17:08:13 +0000 2020	[]	0	0	https://twitter.com/paulie_paulie/status/1335269758451785736
@AvonandsomerRob It's no surprise really. This is nothing to do with Racial Equality. Clubs only took knee when George Floyd was knelt on, never before. His death had NOTHING to do with Racism. So whilst I'm fully supportive of kicking Racism from the game this is Totally Virtual Signalling only	580260754	Sat Dec 05 16:35:12 +0000 2020	[]	0	0	https://twitter.com/dom150869/status/1335261450294751232
@retrokoya what i hate most about this tweet is the way that they‚Äôre insinuating that blm has an expiration date... like even if they talked about it MONTHS after george floyd‚Äôs death then it still isn‚Äôt ‚Äútoo late‚Äù... this is still a present issue black ppl are facing	1035649786047811584	Fri Dec 04 21:49:57 +0000 2020	[]	0	0	https://twitter.com/nikolerajgor/status/1334978271667163137
Why do people take something, and make it SO serious, George Floyd's death, BLM, COVID 19, curfews and limited freedom, simple examples, overexaggerate it to make it sound so serious and so dangerous. Yeah this is probably the only time I'll be serious on this account.	1257388779863552003	Fri Dec 04 20:29:10 +0000 2020	[]	0	0	https://twitter.com/Protogen_Cedil/status/1334957942156619776
"Youth Lead the Way in Renaming St. Louis Streets: A Stand Against Racism
Youth refuse to let George Floyd‚Äôs death be forgotten. https://t.co/1l6ejebvZO"	1299389117625753600	Fri Dec 04 20:12:34 +0000 2020	[]	0	0	https://twitter.com/Stracciatella_B/status/1334953765875703811
Weekend Read, @RNS: Online Bible searches for terms such as racism, justice, equality &amp; oppression multiplied by more than 100 after George Floyd‚Äôs death. For more headlines about the church and the world, subscribe to News &amp; Ideas: https://t.co/9Rpv4qaEMq	81044485	Fri Dec 04 20:04:00 +0000 2020	[]	0	0	https://twitter.com/faithleadership/status/1334951608275255297
This marks the third or fourth incident of racism on NDSU‚Äôs campus this week. Started off with a Snapchat group named ‚ÄòN****** R Us,‚Äô yesterday a Snapchat video w/ students reenacting George Floyd‚Äôs death was exposed &amp; now this. A campus protest is set to start @ 2pm.	503960117	Fri Dec 04 19:43:43 +0000 2020	[]	7	3	https://twitter.com/BaileyHurleyVNL/status/1334946503534768128
Nike, Coca-Cola and Apple, three corporations that vehemently supported the Black Lives Matter movement after the death of George Floyd, are lobbying against a US ban on imports of products produced by Chinese slave labor. https://t.co/oKZbM0XHsY	4488301706	Fri Dec 04 15:39:34 +0000 2020	[]	1	1	https://twitter.com/DonnaJ183/status/1334885060571361280
"Nike, Coca-Cola and Apple, three corporations that vehemently supported the Black Lives Matter movement after the death of George Floyd, are lobbying against a US ban on imports of products produced by Chinese slave labor.

https://t.co/YfdlaC3aES"	969154733301780482	Thu Dec 03 19:06:51 +0000 2020	[]	0	0	https://twitter.com/Scott_Spidle/status/1334574837994500099
"Nike, Coca-Cola and Apple, three corporations that vehemently supported the Black Lives Matter movement after the death of George Floyd, are lobbying against a US ban on imports of products produced by Chinese slave labor.

https://t.co/RGGABmSia3"	18643437	Thu Dec 03 18:50:31 +0000 2020	[]	878	306	https://twitter.com/PrisonPlanet/status/1334570730307117057
"i thought of more! 
6) the ‚Äòtag 10 friends for blm‚Äô instagram stories
7) the jewelry based on the deaths of george floyd, trayvon martin, etc.
8) too many tik tok trends/songs to count
9) breonna taylor memes"	1244287172	Thu Dec 03 18:43:10 +0000 2020	[]	0	0	https://twitter.com/ca3mille/status/1334568877267836935
"Many Indian tweeted #BlackLivesMatter after death of George Floyd. 
Does it amount to interference in other country or supporting the right cause?"	2225403740	Tue Dec 01 19:37:34 +0000 2020	['BlackLivesMatter']	42	8	https://twitter.com/NirjhariSinha/status/1333857794970116099
"BLM Global Network announced in June that it was launching a $6.5 million fund to support its local chapters after receiving a windfall following George Floyd's death.

But local BLM chapters said today that only ""selected chapters"" have been invited to even apply for that fund."	732429326285705216	Mon Nov 30 22:53:45 +0000 2020	[]	49	8	https://twitter.com/AndrewKerrNC/status/1333544778072551429
The George Floyd and Breonna Taylor deaths this year fanned the flames of racism in America that date back decades. https://t.co/xUTU9nCLW8	109349923	Sat Dec 05 15:54:22 +0000 2020	[]	0	0	https://twitter.com/bcrnews/status/1335251176175132672
"@acttonn That's bullshit.
Georg Floyd didn't die because he was black, if you clearly watch the full police body cam video, which you watched the wrong video, or didn't watch it it shows that his death had nothing to do with racism or being black.
You are brainwashed."	1327061809325613058	Sat Dec 05 08:07:25 +0000 2020	[]	0	0	https://twitter.com/___Nice________/status/1335133663793733633
query	Police brutality in the U.S.A
"@Jefflez @MariahCarey Actually ""Killing In the Name"" By Rage Against The Machine deserves it more. The song is about #PoliceBrutality &amp; was inspired by the #LARiots. When police brutality is so rampant right now, this is the perfect song to be #1 in U.K &amp; North America
#DefundThePolice https://t.co/ICtCT601d1"	946226966075604992	Fri Dec 04 20:55:14 +0000 2020	['PoliceBrutality', 'LARiots', 'DefundThePolice']	0	0	https://twitter.com/SurvivedChaos/status/1334964500844298240
this is 2020 in a tweet!!! didnt get COVID? awesome, but it still exists. not experiencing racism/police brutality? great, but its still fucking happening. the horrible actions &amp; words that an orange idiot in charge of our country doesnt apply to u? STILL FUCKING MATTERS.	574155366	Fri Dec 04 20:26:32 +0000 2020	[]	0	0	https://twitter.com/ohheyitsrena/status/1334957281453232130
@ldinsdale98 @Coonsy27 @WaveyCapes @SkySports Oh i think i understand where you are coming from; the BLM movement is a social movement originating in the U.S surrounding police brutality and coming to wide attention after G.flyod death. its is not organised it is an movement, an Idea, like the 1960s civil rights movemnt	1329249621185417216	Sat Dec 05 18:27:07 +0000 2020	[]	0	0	https://twitter.com/RussellMannatow/status/1335289613569634307
@AyannaPressley No, the US gov has never given a damn about blk people, including u but now we are supposed to believe they care? The funniest was Gov Coumo of NY mentioning blacks specifically for the vaccine while police brutality, racism, &amp; poverty he lets run rampant.	1233555508348538880	Tue Dec 01 11:29:20 +0000 2020	[]	0	0	https://twitter.com/tylerrrr0711/status/1333734924164210689
black people here have been vocal about it and protesting for years and recieved A LOT of hate. more racism, police brutality, death threats, u name it. this bc black ppl are trying to bring positive, inclusive change to a children's tradition that has hurt many of us	1908743521	Sat Nov 09 19:51:51 +0000 2019	[]	710	97	https://twitter.com/pianta_/status/1193254897615036418
"While videos of police brutality ""dramatize the effects of racism, there are many other, more subtle expressions of racism present in our country. Perhaps the most shameful and insidious example is that of the U.S. health care system."" #mepolitics https://t.co/Hc0SvwXYeJ"	3130338076	Sat Dec 05 12:39:20 +0000 2020	['mepolitics']	0	0	https://twitter.com/mebeacon/status/1335202091896279041
@ConsciousSent @le_renard__ @92KingCantona97 @jimliav @MrStephenHowson The policing in USA is brutal and racist and needs to change. What is this to do with U.K. police who haven‚Äôt had any significant issues of the type that began BLM in USA? U.K. police shoot no one. And what‚Äôs it to do with football?	64052564	Sat Dec 05 16:53:01 +0000 2020	[]	0	0	https://twitter.com/JJofCBL/status/1335265936283230209
"üá®üá≥ China,  newly elected to the U.N. Human Rights Council, just reviewed the U.S.  human rights record.

""China wishes to recommend to the U.S.: 
1. Root out systematic racism, address widespread police brutality and combat discrimination against African- and Asian-Americans....‚Äú https://t.co/q2AUSKPTWZ"	83435676	Wed Nov 11 18:29:38 +0000 2020	[]	6644	2925	https://twitter.com/UNWatch/status/1326592939137650693
@JoeBiden When u take office, please offer free ps5 for minorities. I feel as if all racism and police brutality will end because everyone is too focused on the game. Oh and if u need a new VP HMU, don't forget u have my snap üòò	705939196356202497	Sun Nov 29 17:51:28 +0000 2020	[]	0	0	https://twitter.com/CuhJavier/status/1333106317079273473
query	Black woman vice president
@YellowParenti I‚Äôd say racism definitely exists but solutions not involving class are collectively neo liberalism‚Äîharsh capitalism but w anti racist training for an already weepy PMC, representation in a ghoulish but WOC Vice President, Wonder Woman+Black Panther, cancel culture, etc	336403263	Sat Dec 05 16:53:29 +0000 2020	[]	0	0	https://twitter.com/whitefeeIings/status/1335266051257323521
Willie is the last to get the bigger picture! Kamala Harris is the1st woman to be the Vice President and of course the 1st Black woman! She helped Biden get the win by leaps and bounds over any other pick would have! Who knows what lies ahead? Don't ask Willie!! BLM!!	3298211738	Thu Dec 03 23:40:56 +0000 2020	[]	0	0	https://twitter.com/Philpeters8/status/1334643813575376898
"RETWEET: TO ALL THE... ‚ÄúBEAUTIFUL‚Äù... BLACK WOMEN EVERYWHERE! ‚ÄúTHANK YOU!‚Äù ‚ù§Ô∏è 
WE... ‚ÄúLOVE‚Äù... YOU, AND... ‚ÄúAPPRECIATE‚Äù... YOU!

FOR FIGHTING INSTITUTIONAL RACISM AND OPPRESSION

KAMALA HARRIS, THE FIRST... ‚ÄúBLACK WOMAN‚Äù... VICE PRESIDENT OF THE UNITED STATES 

Black Lives Matter https://t.co/x7Ha8v57cq"	84509485	Sat Dec 05 14:59:03 +0000 2020	[]	0	0	https://twitter.com/corporate_hdqrs/status/1335237254835482626
"RETWEET: ‚ÄúBLACK SISTAHS RISING TOGETHER‚Äù

FIGHTING INSTITUTIONAL RACISM AND OPPRESSION 

KAMALA HARRIS, THE FIRST... ‚ÄúBLACK WOMAN‚Äù... VICE PRESIDENT OF THE UNITED STATES OF AMERICA. NOW, AND... ‚ÄúFOREVER‚Äù... WILL SHE BE RECORDED IN THE... ‚ÄúANNALS‚Äù... OF HISTORY

Black Lives Matter https://t.co/Vvf4RJKQGF"	84509485	Fri Dec 04 18:50:38 +0000 2020	[]	0	0	https://twitter.com/corporate_hdqrs/status/1334933146450731012
"RETWEET: ‚ÄúBLACK SISTAHS RISING TOGETHER‚Äù

FIGHTING OPPRESSION AND INSTITUTIONAL RACISM 

KAMALA HARRIS, THE FIRST... ‚ÄúBLACK WOMAN‚Äù... VICE PRESIDENT OF THE UNITED STATES OF AMERICA. NOW, AND... ‚ÄúFOREVER‚Äù... WILL SHE BE RECORDED IN THE... ‚ÄúANNALS‚Äù... OF HISTORY

Black Lives Matter https://t.co/G3TBxQfIUv"	84509485	Fri Dec 04 18:47:03 +0000 2020	[]	0	0	https://twitter.com/corporate_hdqrs/status/1334932245874872324
A black president, a woman as vice president, gay rights, cryptocurrency, 2020 (all of it) COVID, BlackLivesMatter, a Donald Trump presidency, legalization of Marijuana... our generation will be hard to top honestly we've seen it all including 9/11 and climate change	258413121	Fri Dec 04 19:58:00 +0000 2020	[]	0	0	https://twitter.com/MannyJalpa/status/1334950099944943618
query	Racism on the streets
".@anikachebrolu üëÄ‚û°Ô∏è fyi re overcoming racism in biomedical science funding üëâ Gene Editing Shows Promise in Sickle-Cell Disease - The Wall Street Journal
https://t.co/7BMAzmkIHK cc .@billgates finally üôÑüí∞üíâüêíü¶ç"	2187166657	Sat Dec 05 17:50:50 +0000 2020	[]	0	0	https://twitter.com/k8ertot11/status/1335280485623156737
Because none of us black people have any problem with Neera Tanden or with any of the rest of Segregation Joe‚Äôs Wall Street &amp; Pentagon-friendly cabinet picks. Liberal racism is getting less subtle by the day.	367843406	Sat Dec 05 17:11:13 +0000 2020	[]	0	0	https://twitter.com/morbid_elation/status/1335270513590013954
@PeoplesMomentum as we are renaming so much do to made up racism why don't we just use one simple word for every street or town you want renamed, the word WOKE is most suitable @blmuk1 @SadiqKhan	1240286083537154049	Tue Dec 01 08:40:23 +0000 2020	[]	0	0	https://twitter.com/KeithMo35462934/status/1333692407376961537
"@Sk1so @samuelofc @SkySportsNews @SkySports Erm because racial issues still happen in this country and we regularly see racists on our streets and in social media.

You don‚Äôt appear to get it still. Racism isn‚Äôt over in the Uk. Monkey chants in football?!?!?!?"	21350164	Sat Dec 05 18:37:04 +0000 2020	[]	0	0	https://twitter.com/jmurphyuk/status/1335292118735183876
@AALIYAHLUVSOSSA @qahwa_nosnos @ayomidedoja @riffiya__ @ElindaSan @prefpolice Well, you ARE racist, you even called me a monkey which is fucking racist. There are a lot of black women in france and they are ok. They just donnt have to be walking almost naked in the fucking street like EVERYBODY else. No racism here	4846666395	Sat Dec 05 17:40:35 +0000 2020	[]	0	0	https://twitter.com/SchweichlerA/status/1335277903395872779
@ryanbath1979 @SkySports Not supporting BLM is NOT an approval of racism. This group who vandalised the streets and are desperate to divide people.	21516370	Sat Dec 05 17:30:44 +0000 2020	[]	0	0	https://twitter.com/Coonsy27/status/1335275424696463360
Right they booed, kneeling endorses BLM a Marxist organisation, their hero pointed a load gun at a pregnant woman's tummy. This isn't the way to end racism this just gives publicity to a group who want to defund the police &amp; put their own ARMED soldiers on the street.	323178207	Sat Dec 05 17:17:04 +0000 2020	[]	0	0	https://twitter.com/BillTenerife/status/1335271987720097796
"@DiscussingFilm A racist country that keeps muslim people in concentration camps, that locked up a bunch of black people bcuz ""they spread corona virus"" is complaining about racism. A country that shoots its folk on streets and removes black people from movie posters. Fuck off"	1295089856838803456	Sat Dec 05 17:12:05 +0000 2020	[]	0	0	https://twitter.com/adansatekh/status/1335270733723951115
People say racism isn‚Äôt real but we have people waving MAGA flags chanting ‚ÄúWhite Lives Matter‚Äù and ‚ÄúBlacks Should Leave‚Äù in our streets right now	218143127	Sat Dec 05 17:03:48 +0000 2020	[]	0	0	https://twitter.com/wonderland449/status/1335268649943363587
Grand Rapids put up a street sign titled Breonna Taylor Way, and here is a sample of the people talking shit or making racist comments. Every ‚Äúlaugh‚Äù reaction was a white person. Racism is alive and well. How do we fix this? Can we? https://t.co/6RddINiR8i	828137592	Sat Dec 05 16:44:45 +0000 2020	[]	0	0	https://twitter.com/sLxpfesssT/status/1335263854083837952
@bullshitsir @thedailybeast Many of were arrested. Perhaps when officers are held accountable for killing people, we won‚Äôt have to take to the streets anymore. It‚Äôs not that hard to remove racist and violent officers.  Stop supporting systemic racism and wake up. Revolutions aren‚Äôt clean.	1324442672824680448	Sat Dec 05 16:42:34 +0000 2020	[]	0	0	https://twitter.com/RachelSoulden/status/1335263305552678912
@jamaaltbailey @Benedetto4NY @CarpentersNyc @BronxView @MetroPlusHealth @JamaalBowmanNY @Fernandez4NY @MayorSPH @AndrewCohenNYC @RepEspaillat Throngs neck needs homeless shelters there are people all over the streets. Do something or is this more racism on your part	1217967533669654528	Sat Dec 05 15:47:45 +0000 2020	[]	0	0	https://twitter.com/VincentEduke/status/1335249509253861379
@MEDIReezy true... but streets said he left cuz of racism	945483350	Sat Dec 05 15:33:50 +0000 2020	[]	0	0	https://twitter.com/dontbelykprince/status/1335246008989597701
"@claraeuro Some bits good, some bits bad, some bits bloody awful.
Rampant racism, bigotry &amp; sectarianism most areas.
3 day weeks, rolling power cuts, bin collection strikes (lots of strikes), no heating in school, Orange Walks around the local streets, increasing violence in NI, boring food"	4854406083	Sat Dec 05 14:57:12 +0000 2020	[]	0	0	https://twitter.com/MrsFinkelstein1/status/1335236789578194947
"RT @Project_RbtHole: Replying to @KamalaHarris @JoeBiden

Evil Kamala blames republicans for street anarchy
-for Libtards racism 
-for China's Virus
-compares it to Ebola (non-Pandemic)
-talks about Beau Biden... but (where's Hunter) https://t.co/DSUUltbvgF"	73296387	Sat Dec 05 14:06:57 +0000 2020	[]	0	0	https://twitter.com/LinuxGal/status/1335224143541780481
"@Gurrly_Gurrl @paul4indy Of course not.

For self loathing White cucks like this, ""racism"" is a one way street."	1270398197433851904	Sat Dec 05 12:50:45 +0000 2020	[]	0	0	https://twitter.com/AnEnglishGent1/status/1335204964260605953
At the end of November tens of thousands of people took to the streets of cities across France to protest against Article 24, and violence and racism within the police https://t.co/1OUoiOJXop	5988062	Sat Dec 05 12:21:04 +0000 2020	[]	0	0	https://twitter.com/TheEconomist/status/1335197498202349568
"@claraeuro Ome good things:

Rents were affordable. 
No student fees. 
Nobody begging on the streets. 

Some bad:
Racism was mainstream.
So was misogyny
So was homophobia"	1180456614475763712	Sat Dec 05 11:38:52 +0000 2020	[]	0	0	https://twitter.com/LesGillon/status/1335186877020856321
Stay out them streets because they don‚Äôt f*** with us they hunting us, We in a race against racism that‚Äôs a color run üèÉno üß¢	4798145674	Sat Dec 05 09:03:49 +0000 2020	[]	0	0	https://twitter.com/daeqwan_bailey/status/1335147855019958272
@Ianrob12 @hozinoz @Gtrain62 @Sarah_Alice_X @sidherian It‚Äôs alright. I‚Äôve been fortunate that I haven‚Äôt experienced racism from people who can impact my life, career, etc. Copping it from some dero from the street just rolls off my back.	1267945259675250688	Sat Dec 05 08:28:07 +0000 2020	[]	0	0	https://twitter.com/artfulbunny/status/1335138873257553921
query	police violence on black people
how many videos of prostrate Black and brown people, multi-million dollar settlements with grieving families, and anecdotal accounts of dehumanizing behavior do you have to see before you understand that racism and violence are endemic to the entire structure of policing	28185913	Thu Dec 03 18:48:12 +0000 2020	[]	0	0	https://twitter.com/volperchlorate/status/1334570143943430144
"@BigRel930 @cjtruth @realDonaldTrump @OANN All the evidence! Reality here's reality:
Blm(a farse killing blacks) 
Antifa: terrorists org.
Democrats, liberals, the left can accept the 2016 election: 
They result to rioting, looting burning peoples livelihoods, violence/ murder of innocent; citizens police Trump supp."	832117896838991872	Fri Dec 04 21:35:26 +0000 2020	[]	0	0	https://twitter.com/Risetoshinenoel/status/1334974618612842502
The chats on this app. We have white privileged racists trying to police GBV, blaming Black people for violence based purely on our melanin as if dealing with their toxic racism isn't enough. üôÑ	402650226	Fri Dec 04 12:54:05 +0000 2020	[]	19	1	https://twitter.com/Natz_online/status/1334843419093561345
Whatever you think about the ‚ÄúDefund the police‚Äù slogan, the fact  that in our country this slogan is seen by many as more offensive than systematic racism &amp; violence against Black people speaks volumes. Disturbing volumes...	825062760954355713	Fri Dec 04 00:10:18 +0000 2020	[]	0	0	https://twitter.com/RKJ65/status/1334651206644477957
"@FarewellHBogart @SFLTRUMPGAL @gatewaypundit @joehoft @realDonaldTrump @USMC Agreed they're stupid people on both sides.
""23-year-old Daniel Harris, attended a Black Lives Matter protest in June, telling the Oakland County Times he was upset about the killing of George Floyd and police violence.""
A white supremacist is like a ü¶Ñ BLM is the new KKK."	761394791900782592	Tue Dec 01 20:36:22 +0000 2020	[]	0	0	https://twitter.com/Shazzan76/status/1333872589563826177
@AnthonyMiller_3 Since the rapid rise of BLM in the past year, a few black people have died from cops, while hundreds have died from criminals and dozens of police have been killed or injured. BLM 2020 is a lawless unhinging of permissive violence and destruction..	918542557474418688	Fri Dec 04 21:21:38 +0000 2020	[]	0	0	https://twitter.com/Howmanytimes77/status/1334971145293078531
"@TheRightCant @LeftAccidental As if he had to PROVE it was never about the ""violence"" of anti-police-brutality demonstrations... it was about sheer racism and being upset black people dislike being killed by the authoritarians / authorities"	1551037171	Fri Dec 04 00:29:34 +0000 2020	[]	0	0	https://twitter.com/Jukantos/status/1334656051354988545
"@Domallanjam @ConorEatonSmith @goinggrey2 @crisisunveiled @travismillr @Scott00518549 @GaryLineker The BLM movement is a movement against police violence primarily against Black people. 

The opposing view is in support of racially discriminatory police violence by definition."	2383187130	Sat Dec 05 17:21:05 +0000 2020	[]	0	0	https://twitter.com/L4kepond/status/1335272997855358976
@ballinger6565 @NakiaRWallace @_cpauldine LMFAO WHITE PRIVILEGE AT ITS BEST! POLICE ARE HERE TO PROTECT US. NOT TO BE OBEYED AND THEN WHEN THEY‚ÄôRE NOT OBEYED, USE VIOLENCE AND UNJUSTIFIABLY MURDER BLACK PEOPLE. Read a god damn book and sit THE FUCK down. It is because of people like you that this shit continues. #BLM	977062764	Sat Dec 05 16:43:29 +0000 2020	['BLM']	0	0	https://twitter.com/moturnn/status/1335263535199293441
@LaurenWitzkeDE @Cernovich @GovMurphy @RepMattGaetz Let‚Äôs see- an unnecessary ‚Äúgala fundraiser‚Äù indoors, unmasked, during the worst surge in the virus, vs. an outdoor &amp; masked group protesting police violence against Black people.  Don‚Äôt you believe Black Lives Matter?  This is what you‚Äôve chosen to RT?  Wow.  #BLM	1944174986	Sat Dec 05 15:06:29 +0000 2020	['BLM']	0	0	https://twitter.com/mrowe1023/status/1335239122924003328
"@samanthamarika1 You‚Äôre so fu*ckin dumb. If you knew any black people, you‚Äôd know she‚Äôs getting dragged up and and down this app. Also, BLM has nothing to do with yt women tantrums and everything to do with police violence against black people. 
YOU KNOW THIS SAMANTHA!!!!!"	929188733991100416	Fri Dec 04 00:14:01 +0000 2020	[]	0	0	https://twitter.com/ShielaJonson/status/1334652141026217984
"@Steve_Leave The single ONLY thing that BLM stands for is the plea for black people to be treated with decency by the police ‚Äî especially in the USA where extreme police violence is an everyday occurrence.

Your statement is a rubbish attempt to equate other things with anti-racism."	828343688183050240	Sat Dec 05 18:54:29 +0000 2020	[]	0	0	https://twitter.com/TrumpMockery/status/1335296501162110977
"BLM has specifically stated that they DON'T care about black people per se, they are only concerned with police violence against black people.

It must be nice to be able to compartmentalize their support of the black community."	390941487	Fri Dec 04 00:00:58 +0000 2020	[]	0	0	https://twitter.com/mgallagher465/status/1334648854030000131
"@Lrihendry BLM has specifically stated that they DON'T care about black people per se, they are only concerned with police violence against black people.

It must be nice to be able to compartmentalize their support of the black community."	390941487	Fri Dec 04 00:01:03 +0000 2020	[]	0	0	https://twitter.com/mgallagher465/status/1334648878650581009
query	black lives NBA
"In 2011, Occupy was too much.

In 2020, the NBA strike for Black lives was too much.

In 2020, the internet was too much.

#Obama 
#NeoliberalInChief"	811414973985550336	Fri Dec 04 07:19:07 +0000 2020	['Obama', 'NeoliberalInChief']	589	105	https://twitter.com/PeoplesParty_US/status/1334759121321684994
IF HAVE CONNECTION WITH MEDIA OR HOLLYWOOD NBA NFL! LIVE THE HOOD AND IF LIVE THERE YOU KNOW THIS IS TRUE! TO ALL DEMOs BLM SUPPORTERS! I AM BLACK WHO YOU THINK IS STEALING MY STUFF KILLING MY FAMILY BULLYING MY KIDS NOT THE POLICE! A BLACK MAN OR WOMEN! NOT A WHITE MAN! BLK MAN	970976099864805376	Sun Nov 29 18:12:55 +0000 2020	[]	0	0	https://twitter.com/selinebowens23/status/1333111714716454915
@CodeMonkeyZ Ron during the NBA strike Obama negotiated a deal for nba owner to fund Black Lives Matter. Part of the deal to use Nba Arena's to count ballots. Many of the poll workers were BLM members.	1252025019892408325	Sat Dec 05 10:37:37 +0000 2020	[]	0	0	https://twitter.com/NakamotaSatochi/status/1335171460709675009
query	black people killed by police
@jolenebuntinguk I haven't noticed BLM make a statement about workers owning the means of production &amp; I cant find where Marx wrote about black people being killed by the police. Where is the Marxist ideology? Can you give me a source for this?	3029500988	Sat Dec 05 18:53:36 +0000 2020	[]	0	0	https://twitter.com/Thir13enGoats/status/1335296281326055426
@francisobrienUK I haven't noticed BLM make a statement about workers owning the means of production &amp; I cant find where Marx wrote about black people being killed by the police. Where is the Marxist ideology? Can you give me a source for this?	3029500988	Sat Dec 05 18:52:14 +0000 2020	[]	0	0	https://twitter.com/Thir13enGoats/status/1335295937380560897
@AnthonyMiller_3 Since the rapid rise of BLM in the past year, a few black people have died from cops, while hundreds have died from criminals and dozens of police have been killed or injured. BLM 2020 is a lawless unhinging of permissive violence and destruction..	918542557474418688	Fri Dec 04 21:21:38 +0000 2020	[]	0	0	https://twitter.com/Howmanytimes77/status/1334971145293078531
#ALLLIVESMATTER BUT BLACK #POLICE OFFICERS DON'T KILL WHITE #PEOPLE https://t.co/NxTr8mYDyP https://t.co/cwWtpuZWUO	340316983	Fri Dec 04 20:06:43 +0000 2020	['ALLLIVESMATTER', 'POLICE', 'PEOPLE']	0	0	https://twitter.com/JOELSAVAGE1/status/1334952293666590725
The fact JoJo Siwa is more dedicated to speaking up for her dance teacher who was complicit to child abuse and bullying than speaking up for BLM when black people getting killed by Police Officers from just shows you who JoJo Siwa really is ü§°	2554967264	Fri Dec 04 19:38:32 +0000 2020	[]	2	1	https://twitter.com/thomassteven00/status/1334945199240384515
"@TheRightCant @LeftAccidental As if he had to PROVE it was never about the ""violence"" of anti-police-brutality demonstrations... it was about sheer racism and being upset black people dislike being killed by the authoritarians / authorities"	1551037171	Fri Dec 04 00:29:34 +0000 2020	[]	0	0	https://twitter.com/Jukantos/status/1334656051354988545
@hutchinson @Lxkota_ No, it was the constant killing of Black Americans at the hands of militarized Police that would further validate the message of BLM. Every incident a wake up call to more people. It wasn‚Äôt the slogan.	286472064	Thu Dec 03 19:21:23 +0000 2020	[]	0	0	https://twitter.com/felipelives/status/1334578495419084801
@rAAAbbiTT @ThomasHoufek @IlhanMN Yes. 9 unarmed black people were killed by police and BLM didn't think that was enough.	21588875	Thu Dec 03 19:14:36 +0000 2020	[]	0	0	https://twitter.com/kekistaniite/status/1334576790447251459
"Black people want law enforcement. However, we don‚Äôt want them to racially profile us, put their hands on us, shoot or kill us. We want community policing. 

... but ‚ö™Ô∏è ‚Äúprogressives‚Äù (who matched in the #BLM protests) do they want actual CJR reform? #ChantaysAnalysis https://t.co/BLvgz5zxLK"	42972034	Sat Dec 05 05:45:30 +0000 2020	['BLM', 'ChantaysAnalysis']	36	8	https://twitter.com/iamchanteezy/status/1335097950326886400
"@BigRel930 @cjtruth @realDonaldTrump @OANN All the evidence! Reality here's reality:
Blm(a farse killing blacks) 
Antifa: terrorists org.
Democrats, liberals, the left can accept the 2016 election: 
They result to rioting, looting burning peoples livelihoods, violence/ murder of innocent; citizens police Trump supp."	832117896838991872	Fri Dec 04 21:35:26 +0000 2020	[]	0	0	https://twitter.com/Risetoshinenoel/status/1334974618612842502
"@FarewellHBogart @SFLTRUMPGAL @gatewaypundit @joehoft @realDonaldTrump @USMC Agreed they're stupid people on both sides.
""23-year-old Daniel Harris, attended a Black Lives Matter protest in June, telling the Oakland County Times he was upset about the killing of George Floyd and police violence.""
A white supremacist is like a ü¶Ñ BLM is the new KKK."	761394791900782592	Tue Dec 01 20:36:22 +0000 2020	[]	0	0	https://twitter.com/Shazzan76/status/1333872589563826177
@jolenebuntinguk I haven't noticed BLM make a statement about workers owning the means of production &amp; I cant find where Marx wrote about black people being killed by the police. Where is the Marxist ideology come in this? Can you give me a source for this?	3029500988	Sat Dec 05 18:43:33 +0000 2020	[]	0	0	https://twitter.com/Thir13enGoats/status/1335293750193614848
"@kobthatreal @iamcuriousblue @arachno_commie @SeanMcCarthyCom BLM was understandable and logical sentiment in the wake of Michael Brown and other Black people who were killed by cops and never got justice.

Defund the Police is technocratic and roundabout and even if accomplished, says nothing about prosecuting killer cops."	1153453019779829761	Thu Dec 03 18:36:59 +0000 2020	[]	0	0	https://twitter.com/Izyem02/status/1334567323722600449
Police killing blacks is the root cause of crime. Because cops kill black people, black people have no choice but to engage in acts which put them into contact with police	960659677574057984	Fri Dec 04 20:59:14 +0000 2020	[]	0	0	https://twitter.com/futureusrefugee/status/1334965509146746890
@IanWuzzle @HannibalicBarca @Etrur25 @GuendouziFan @piersmorgan Yeah gotta agree with Ian here. Marxist = fighting for the people to own the means of production. BLM = fighting for police to kill and assault black people less. Not comparable.	1227123401497530369	Sat Dec 05 17:49:29 +0000 2020	[]	0	0	https://twitter.com/internetnerdgrl/status/1335280144987136001
@Embracethagrace Have any proof for those baseless assumptions? Nope. Systematic racism is a myth that is falsely portrayed by the media. More white people than black people are killed by police.	1275204562840965122	Fri Dec 04 20:31:17 +0000 2020	[]	0	0	https://twitter.com/stevenwynne15/status/1334958475110195200
@dawn2jo @SAS_MBD @ABC7NY Outraged that people were protesting systemic racism in this country and police brutality, and killing of black people unjustly. Were you outraged that this is still happening in this country? Or mad that they were standing up and speaking for justice cause they're tired of it.	229706905	Sat Dec 05 15:22:32 +0000 2020	[]	0	0	https://twitter.com/Crazitomali/status/1335243163900944389
School US history always finds a way to leave out black people unless its about slaves..... He was my age and uniting us as a people so they got the POLICE to kill himü§¶üèæ‚Äç‚ôÇÔ∏è	711698901124812801	Fri Dec 04 20:56:41 +0000 2020	[]	0	0	https://twitter.com/_B71AN/status/1334964869431439360
"TW//racism
theres just this one guy in the replies who keeps brining up like 5 white people who have died since june as if that is even at all comparable to the 164 black people who have been killed by the police alone in the first 8 months of the year"	1234693397002117120	Fri Dec 04 18:49:05 +0000 2020	[]	0	0	https://twitter.com/transsapphix/status/1334932754476093442
Contact your legislators who have supported anti-BDS legislation, ask them to end contracts with Israeli companies training local police departments on how to use the inhumane tactics they use on Palestinian people, the same tactics that have killed Black people in this country.	826520192	Sun Nov 29 17:35:44 +0000 2020	[]	0	0	https://twitter.com/Imaaaaaaaaan/status/1333102358868451332
query	social movement
"Have you ever paid attention to the vile BDS movement? 

""Anti-racism is not hate speech. And socialism is not antisemitic."""	576623689	Sat Dec 05 18:38:23 +0000 2020	[]	0	0	https://twitter.com/ReneeNal/status/1335292450680745985
@gmcffcog @Brand_SCFC @SkySports I support BLM the social justice movement but I do not support all the aims of BLM the political organization	1130665263047806976	Sat Dec 05 18:41:22 +0000 2020	[]	0	0	https://twitter.com/GoldDog81122855/status/1335293200882348040
@KarinBGraham @ninanordship @HammerzOliver The UK BLM social MOVEMENT did not have have not registered themselves as a political party. Get educated on the actual facts rather than the made up ones you‚Äôre using to try and justify your opinion. Taking the knee does not represent support for a political party.	828209130838061056	Sat Dec 05 18:31:35 +0000 2020	[]	0	0	https://twitter.com/hippieangeI/status/1335290741040558083
@Bidhanganguly @utdrobbo @its_a_dopeday @HammerzOliver The BLM organisation and the BLM social movement are two different things and you know this. But in case you needed it broken down further  https://t.co/cvscTcqkNv	1259463224308662274	Sat Dec 05 17:57:22 +0000 2020	[]	7	2	https://twitter.com/aprilkepncr/status/1335282129094258692
@carefreejake_ ‚ÄúThey‚Äôre not booing the idea that ‚Äúblack lives matter‚Äù because anyone who says otherwise is a abhorrent person, they‚Äôre booing the far left movement of BLM - it‚Äôs not racist they simply do not agree with defunding the police and moving towards socialism‚Äù I tweeted this earlier ü§∑‚Äç‚ôÇÔ∏è	1322915597739581445	Sat Dec 05 17:41:03 +0000 2020	[]	0	0	https://twitter.com/Frankie_Ball8/status/1335278022585413637
"@MarcusBean @FFScout_Joe @talkSPORT Grow a brain mate. 

To many, the BLM organisation is a divisive, ideologically Marxist, politically motivated group that should have no place in football. 

@kickitout is what football should be investing in. Not a controversial political and social movement."	1055946978360811520	Sat Dec 05 17:34:50 +0000 2020	[]	0	0	https://twitter.com/FPLji/status/1335276457371856896
"@MillwallFC Absolutely 100% right behind you Millwall fans.

The BLM organisation is a divisive, ideologically Marxist, politically motivated group that should have no place in football. 

@kickitout is what football should be investing in. Not a controversial political and social movement."	1055946978360811520	Sat Dec 05 17:32:23 +0000 2020	[]	0	0	https://twitter.com/FPLji/status/1335275841522192387
"@STAMINASTAM1NA @LatzyLoo @Lg_2412 @travismillr @Scott00518549 @GaryLineker Once again, if people see someone taking a knee in support of BLM they won't necessarily think ""oh this is just in support of the social movement, not in support of the organisation"" .... it's really not difficult to understand"	3358759012	Sat Dec 05 17:23:22 +0000 2020	[]	0	0	https://twitter.com/james24280/status/1335273571510329347
@davidwheldrake @Deadlinesman @FranticGra @MillwallRussia 1. I‚Äôd argue that it‚Äôs more than a different view ‚ÄòsImPlEToN‚Äô. BLM is a movement highlighting the systemic racism that‚Äôs prevalent in apparently ‚Äòtolerant‚Äô western societies. The fact that you‚Äôre using George Floyd‚Äôs background as a reason to oppose a far wider social cause ..	144326658	Sat Dec 05 16:25:09 +0000 2020	[]	0	0	https://twitter.com/Jacktcolvin/status/1335258922471583746
@CliveSmith3000 @ant_colwell @SteveJ4530 @OliverKay @PhilHay_ The Marxism ideology in the modern world isn‚Äôt about socialism it‚Äôs about equality where rich and poor becoming more equal. And only a few in the BLM movement class themselves a Marxist.	1187733632	Sat Dec 05 16:22:15 +0000 2020	[]	0	0	https://twitter.com/barney___21/status/1335258192679477250
Not even in this country but all across Europe, imagine the BLM movement if COVID hadn‚Äôt of happened, social media tricks you into thinking the football world was really on board with it	776312580	Sat Dec 05 16:19:19 +0000 2020	[]	0	0	https://twitter.com/Kashaveli_/status/1335257453617934345
@nocontextfm1 I find it incredible that people can't separate the organisation from the social movement of the same name that literally just wants racial equality. Just because they have the same name doesn't mean they are the same thing	1178019550073409536	Sat Dec 05 15:51:38 +0000 2020	[]	0	0	https://twitter.com/Goatzelll/status/1335250484991582210
@Dan_hahabye @aprilrenae @Anarcish @Deoliver47 sir in america black liberation &amp; socialism go hand in hand historic movements against racism in the US from the Marcus Garvey, to the militancy of Malcolm X and the Black Panther Party, to the eloquence of Martin Luther King Jr. and much more all were on strong socialist ideals	1096344208347197440	Sat Dec 05 14:04:58 +0000 2020	[]	0	0	https://twitter.com/ammarahsan16/status/1335223644444708864
HT @zeithistoriker on skewed #COVID19 thinking: changing conditions of people‚Äôs lives n causes of political alienation takes social movements like #BlackLivesMatter and #schoolstrike4climate, not boardroom initiatives, 4 transformations we need #democracy https://t.co/Pwp7xa2AH9	41363024	Sat Dec 05 13:52:01 +0000 2020	['COVID19', 'BlackLivesMatter', 'schoolstrike4climate', 'democracy']	0	0	https://twitter.com/PatrickChalmers/status/1335220385244213249
"If anyone has a spare 5-10 minutes, please complete this quick survey for my dissertation project about the Black Lives Matter movement and social media use. 
I would really appreciate it. If you could retweet this tweet, that would be helpful too üëäüèΩ

https://t.co/cU5btR8qQf"	3297821024	Fri Dec 04 23:29:29 +0000 2020	[]	34	48	https://twitter.com/__harj7/status/1335003321321578500
@samanthamarika1 Y‚Äôall know BLM is a social justice movement about unfair treatment of Black individuals by the police. Not to um protest white people using racial slurs. However, if you go down Twitter, we‚Äôre very upset about her calling a Black women ‚Äúnappy‚Äù even if it was Candace Owens	1294765763702792199	Fri Dec 04 00:16:16 +0000 2020	[]	0	0	https://twitter.com/traniya_jordan1/status/1334652704946335745
@Catzeroty @TWakalix @peniscommunism @RGravare The social and government response to the civil rights movement in the USA pretty much solidified racism and conservative politics in the country for the next 50 years.	793756243596673024	Thu Dec 03 23:55:32 +0000 2020	[]	0	0	https://twitter.com/WingTransparent/status/1334647490503712774
"Dorothy Height got her start as a social worker in #Harlem in the 1930s, and over the next 50 years was a leader in the civil and human rights movements. 

#History #NYCHistory #BlackHistory #BlackWomensHistory https://t.co/T6osi9MDSS"	18987025	Thu Dec 03 19:30:26 +0000 2020	['Harlem', 'History', 'NYCHistory', 'BlackHistory', 'BlackWomensHistory']	0	0	https://twitter.com/HarlemUnited/status/1334580775237394434
"The largest social movement in #US history declared globally that #BlackLivesMatter. US Congress must pass #HR40 now to meet the demand of this moment. Justice can‚Äôt wait. Pass HR40 ‚úä#WeCantWait #ReparationsNow https://t.co/wEVn4uByzE

@intoactionus https://t.co/nom8hmncy7"	801237462315995136	Thu Dec 03 18:27:00 +0000 2020	['US', 'BlackLivesMatter', 'HR40', 'WeCantWait', 'ReparationsNow']	3	2	https://twitter.com/WarriorWoman23/status/1334564809405308928
I see little evidence that the centre-left political establishment engages with social movements. The DNC hardly encouraged them (MeToo hashtags aside), &amp; in the UK the Labour establishment has been so antipathetic it was even prepared to sabotage its own electoral chances. https://t.co/6nPmRbMzKE	3996216161	Thu Dec 03 17:07:47 +0000 2020	[]	3	2	https://twitter.com/fromarsetoelbow/status/1334544873085612032
query	antifa violence
I believe Americans know where the violence comes from, and it's not from the supporters of President Trump or QAnon.  Sad sorry times for America caused by Hillary Clinton, Democ-Ratic party, ANTIFA, and BLM. Oh and last but not forgotten Social Media, and Media.	945133160156733440	Sat Dec 05 18:14:56 +0000 2020	[]	0	0	https://twitter.com/tjohn379/status/1335286550683287559
"The FBI deploys new fraud detection goggles. They've already been tested on sniffing out Antifa and BLM violence, left-wing sedition, and espionage by the Communist Party of China. The Free World is safe!
https://t.co/VTLLC3JVgD https://t.co/c4qnE1NGjj"	23257880	Sat Dec 05 18:13:01 +0000 2020	[]	5	2	https://twitter.com/ThePeoplesCube/status/1335286068606889987
@therecount @GabrielSterling GFY for blaming Trump for the Democrat‚Äôs PLANNED upcoming Marxist BLM &amp; ANTIFA violence. #GoToHell	202514999	Sat Dec 05 17:53:38 +0000 2020	['GoToHell']	0	0	https://twitter.com/GodBlessOurLand/status/1335281187586240516
@TrumptyHad @realDonaldTrump SHOCKER!! The party of ANTIFA and BLM is calling for violence!! 70+ million pissed off MAGA voters and NOT ONE violent protest! Go back to your mom's basement!	1331230224080625664	Sat Dec 05 17:50:02 +0000 2020	[]	0	0	https://twitter.com/patriotpartyIL/status/1335280281222311936
@MailOnline Shoot a few to put a stop to that.  If it does not work, shoot a few more.  You either support civil society, democracy. law &amp; order or the anarchy, vandalism and violence offered by rioters, BLM, Antifa and other dangerous urban terror groups. These groups are all on the left	3397453961	Sat Dec 05 17:49:36 +0000 2020	[]	0	0	https://twitter.com/MikeMontane/status/1335280175546822657
@realDonaldTrump SHOCKER!! The party of ANTIFA and BLM is calling for violence!! 70+ million pissed off MAGA voters and NOT ONE violent protest! Go back to your mom's basement!	1331230224080625664	Sat Dec 05 17:49:19 +0000 2020	[]	0	0	https://twitter.com/patriotpartyIL/status/1335280101261520904
@LLinWood @GabrielSterling @realDonaldTrump I haven't seen a single violent uprise from any group associated with support of @realDonaldTrump. Only the Democrat terror groups antifa and blm are burning cities, threatening citizens, and calling for violence against all TRUMP supporters.	927731528288923651	Sat Dec 05 17:25:28 +0000 2020	[]	0	0	https://twitter.com/rukidnmebro/status/1335274099011166208
@TaylorYoungling @charliekirk11 He never condemned ANTIFA or the BLM violence. Not once. Trump gave him the opportunity in the debates and he still wouldn‚Äôt, even as he was demanding Trump denounce White suprematists.	927269937835515904	Sat Dec 05 17:20:50 +0000 2020	[]	0	0	https://twitter.com/TKD350/status/1335272935951515649
@GabrielSterling Then stop lying to us!! YOU'RE the reason there's violence. Where were you when there were antifa and blm mobs destroying our cities? You're a traitor and a disgrace to our country. #WeThePeople #Demand #JusticeForAll	1179820497334198272	Sat Dec 05 17:19:41 +0000 2020	['WeThePeople', 'Demand', 'JusticeForAll']	0	0	https://twitter.com/gotrumpsters/status/1335272645147815938
@therecount @GabrielSterling The only people I see inciting violence and threatening innocent people are BLM and antifa activists.	819066383761870852	Sat Dec 05 17:19:17 +0000 2020	[]	0	0	https://twitter.com/2L3GIT2QUlT/status/1335272544014913537
@GabrielSterling How about all the violence Antifa and BLM did this entire year, and being bailed out of jail by pro democrats. IF nothing to hide, why is Georgia, PA, Nevada, ect blocking requests and hiding. Your all caught, stuff going down all over !! #stopthesteal @LLinWood	1137755978	Sat Dec 05 17:02:20 +0000 2020	['stopthesteal']	0	0	https://twitter.com/richfran68/status/1335268279875670019
@Solidar86189896 @funder @Acosta Your buddies antifa snd BLM. They have proven their violence over past months.	1291531469932748800	Sat Dec 05 16:53:43 +0000 2020	[]	0	0	https://twitter.com/candalilly/status/1335266109377769472
@Biff_Ardo @TwoRomans @Candour99 @realDonaldTrump Cause it will be time to take the trash out and the Antifa and BLM brining violence will get laid out.	1317580758811279360	Sat Dec 05 16:50:53 +0000 2020	[]	0	0	https://twitter.com/tjmnyc73/status/1335265396178489347
@William57864523 @ottequity @BridgetPhetasy @KirkWilcox Okay, I‚Äôm trying to get to specifics. For example, antifa and BLM rioting, looting and attacking innocent civilians in Portland for over 100 days is an example of hard leftist violence/harm.	961253439379419136	Sat Dec 05 16:47:15 +0000 2020	[]	0	0	https://twitter.com/ChrisSm35757263/status/1335264481958637569
"@LLinWood @GabrielSterling @realDonaldTrump Exactly 
@GabrielSterling 
Never increases his Voice against Antifa And BLM ...
Going blame Violence on Trump is BS.. 

We the people Will not concede Biden ... Because of Stolen Election 
... We will Defend Our Nation against traitors ..."	1174410597812883457	Sat Dec 05 16:40:36 +0000 2020	[]	0	0	https://twitter.com/DemirMDC/status/1335262808360022019
@Becounted2020 Lol you should have put in there all of the violence looting and murder by antifa and blm	1241907787887673344	Sat Dec 05 16:39:38 +0000 2020	[]	0	0	https://twitter.com/TurdBird2020/status/1335262566201909249
@therecount @GabrielSterling YOU ARE NOT ONLY BLIND AND DEAF YOU ARE DUMB. THE ANTIFA AND BLM HAVE RIOTED FOR MONTHS . #realDonaldTrump HAS A PEACEFUL PROTEST AND YOU CALL IT VIOLENCE . WHAT DO YOU THINK IS GOING TO HAPPEN WHEN YOU CONTINUE TO COVER UP FRAUD #STERLING . WE THE PEOPLE WILL NOT SIT DOWN #MAGA	1325623171848921088	Sat Dec 05 16:28:50 +0000 2020	['realDonaldTrump', 'STERLING', 'MAGA']	0	0	https://twitter.com/ROBINHA04652528/status/1335259849899163652
"@ArthurSaul1 @RSBNetwork You're right about a joke of a country! The real joke is the left
BLM: a farse; killing more blacks
Antifa: terrorists org 
Democrats, liberals
All Trump haters:
Burning &amp; looting our cities
Violence &amp; murder of: innocent;
Police, Trump supporters &amp; anyone who gets in their way!"	832117896838991872	Sat Dec 05 16:20:06 +0000 2020	[]	0	0	https://twitter.com/Risetoshinenoel/status/1335257649168846848
@LLinWood @GabrielSterling @realDonaldTrump Hey you have no right to incite violence, only democrats get to do that ,and our precious BLM AND ANTIFA are aloud, get in your own lane!!!!!	2804220614	Sat Dec 05 16:17:57 +0000 2020	[]	0	0	https://twitter.com/aneita123/status/1335257110066716672
"This seems to be akin to allowing BLM and ANTIFA run wild in the streets of America. Our society needs to ""swoop down"" on this radicalized anti-American unlawful violence and intimidation, especially against civilians."	759625808	Sat Dec 05 16:15:31 +0000 2020	[]	0	0	https://twitter.com/EdHughes15/status/1335256496175783937
