query	BLM protests
@MayDonAhh @ScooterCasterNY So.....only BLM can protest?	1248986901647892486	Thu Dec 03 18:43:02 +0000 2020	[]	0	0	https://twitter.com/JSCCC11/status/1334568845705699328
@larryelder Where are the protest where is BLM	1048395856616062978	Fri Dec 04 18:34:15 +0000 2020	[]	0	0	https://twitter.com/DickJoh52805729/status/1334929024490016768
@FightingBackPa Only if he's surrounded by BLM protesters...	1251871243294445571	Fri Dec 04 19:38:37 +0000 2020	[]	0	0	https://twitter.com/stngrayj33/status/1334945222661451781
@TustinBLM @BillFOXLA @FOXLA How about at some of your beloved BLM protests?	1241155073788395520	Fri Dec 04 00:45:59 +0000 2020	[]	0	0	https://twitter.com/Sandy14959035/status/1334660184602337280
@wald_debbie @CTVCalgary We're you outraged at the BLM protest üôÑ	260997582	Sat Dec 05 18:52:44 +0000 2020	[]	0	0	https://twitter.com/Francin_P/status/1335296060349054977
@thehill it was a BLM protest	755173553922859008	Fri Dec 04 20:28:24 +0000 2020	[]	0	0	https://twitter.com/Tommando33/status/1334957749235552269
@69cruiser_rider @seceedercat @AndrewLawton @EvanMcFatridge Or BLM protest??? Crickets...	216792709	Sun Nov 29 17:49:39 +0000 2020	[]	0	0	https://twitter.com/hprockiw/status/1333105859262509058
This wasn't his stance when it was BLM protests	202469320	Thu Dec 03 18:45:21 +0000 2020	[]	0	0	https://twitter.com/HotCorner_10/status/1334569427073789952
@thatgaytory What about the rednecks blocking the BLM protests?	1151616755149758464	Sat Dec 05 17:29:11 +0000 2020	[]	0	0	https://twitter.com/SoFloTyFX/status/1335275035519578113
@portraits_grey @gamesndames @lapublichealth My Thanksgiving dinner was safer than any of the #BLM protests	2747297298	Sat Dec 05 13:15:29 +0000 2020	['BLM']	0	0	https://twitter.com/DeathToIS/status/1335211188594995200
They was out protesting at the BLM protest. üò≠ü§∑üèΩ‚Äç‚ôÄÔ∏è	1338312925	Fri Dec 04 19:24:35 +0000 2020	[]	0	0	https://twitter.com/Ruby_Diaamond/status/1334941690717728768
@love4tama blm protest=nigga marchüòà	1307063325373730816	Sat Dec 05 07:27:52 +0000 2020	[]	0	0	https://twitter.com/ryuus_hoe/status/1335123711872131075
@benjola31 @captnusa123 @Breaking911 It's ok. It's a BLM protest.	1314843993579151360	Fri Dec 04 00:06:56 +0000 2020	[]	0	0	https://twitter.com/AwwSabi4/status/1334650357767688195
@TPSOperations @rightwingmbz @TorontoPolice Did you arrest the organizers of the BLM protests?	1026614655412781056	Thu Dec 03 19:34:44 +0000 2020	[]	0	0	https://twitter.com/brett_marlowe/status/1334581855178383361
@Angelkisses1134 @Desert_Goddess @GovInslee Also the BLM protests too	435358511	Tue Dec 01 20:07:11 +0000 2020	[]	0	0	https://twitter.com/millennium428/status/1333865247241695233
@asc89 The genius compared the protests to BLM.	1239589065046904833	Sat Dec 05 18:38:41 +0000 2020	[]	0	0	https://twitter.com/tippanibhandar/status/1335292527600164865
@RudyHavenstein @steveliesman The blm  protests were so perfectly misdirected, it‚Äôs almost as if it was orchestrated.	1170138457269661697	Fri Dec 04 18:24:46 +0000 2020	[]	0	0	https://twitter.com/nopointestimate/status/1334926635393376256
@RebelRancher @ScooterCasterNY Yes. They are not BLM protesters!	1248986901647892486	Thu Dec 03 18:44:03 +0000 2020	[]	0	0	https://twitter.com/JSCCC11/status/1334569101151391747
@MrAndyNgo Are they also blm? What are they protesting?	1159880258587377664	Sat Dec 05 18:55:38 +0000 2020	[]	0	0	https://twitter.com/hangingnthevoid/status/1335296791894495232
@Artimus_Gray BLM protests led to arrest of culprit	1109873738017918976	Tue Dec 01 20:37:42 +0000 2020	[]	0	0	https://twitter.com/BihariAnalyst/status/1333872928262287361
query	George Floyd death
"George Floyd &amp; Oficer Chauvin knew each other?!? In ‚ÄúTHE DEATH OF GEORGE FLOYD‚Äù 
they were STRANGERS?!

BLM‚Äôs National Arm Gave Little To Local Chapters While Reaping Millions, Local BLM Chapters Allege In Statement - The Daily Caller https://t.co/OF1q9c3kq8"	23239866	Tue Dec 01 08:53:03 +0000 2020	[]	0	0	https://twitter.com/FiskeVideo/status/1333695593827340288
"What a year ,2020
Death of Kobe Bryant
Coronavirus
Close down of schools
No fans in stadiums
Death of George Floyd
Black lives matter demonstration 
Death of Chadwick bossman 
Death of JJ Rollings
Death of Maradona
Eiiiü§îü§îü§î
#2020 #Covid19 @gyaigyimii #blacklivesmatter"	1303992771045449728	Sat Dec 05 11:08:04 +0000 2020	['Covid19', 'blacklivesmatter']	0	0	https://twitter.com/lolitsjeromek/status/1335179124135092225
The Black Lives Matter movement emerged in 2013 after the acquittal of the Florida man who fatally shot 17-year-old Trayvon Martin, and exploded in size and influence earlier this year after the death of George Floyd in Minneapolis police custody. https://t.co/aj6SanoJ6X	141362489	Sat Dec 05 13:34:02 +0000 2020	[]	0	0	https://twitter.com/BlackHillsFOX/status/1335215860596797442
"BLM Global Network announced in June that it was launching a $6.5 million fund to support its local chapters after receiving a windfall following George Floyd's death.

But local BLM chapters said today that only ""selected chapters"" have been invited to even apply for that fund."	732429326285705216	Mon Nov 30 22:53:45 +0000 2020	[]	49	8	https://twitter.com/AndrewKerrNC/status/1333544778072551429
ociaacially motivated violence against black people. He refers to it as a symbol of hate yes he says he supports blm but calls it a symbol of destruction. HERE ARE THE DEATHS THAT UR COPS KILLED George floyds, Ahmaud Arbery, Breonna Taylor, Rayshard Brooks, Eric Garner John Crawf	1296080681060175872	Fri Dec 04 19:33:18 +0000 2020	[]	0	0	https://twitter.com/TallyRoyal/status/1334943882333851650
"Many Indian tweeted #BlackLivesMatter after death of George Floyd. 
Does it amount to interference in other country or supporting the right cause?"	2225403740	Tue Dec 01 19:37:34 +0000 2020	['BlackLivesMatter']	42	8	https://twitter.com/NirjhariSinha/status/1333857794970116099
@pecos_pest_ @henrywinter It was all inspired by criminal George Floyds death, out of which BLM used it to propel their narrative! Taking the knee is ugly, divisive and anachronistic! It doesn‚Äôt belong in the UK.	22836738	Sat Dec 05 18:23:37 +0000 2020	[]	0	0	https://twitter.com/thebestpolicy/status/1335288736314249216
"i thought of more! 
6) the ‚Äòtag 10 friends for blm‚Äô instagram stories
7) the jewelry based on the deaths of george floyd, trayvon martin, etc.
8) too many tik tok trends/songs to count
9) breonna taylor memes"	1244287172	Thu Dec 03 18:43:10 +0000 2020	[]	0	0	https://twitter.com/ca3mille/status/1334568877267836935
The George Floyd and Breonna Taylor deaths this year fanned the flames of racism in America that date back decades. https://t.co/xUTU9nCLW8	109349923	Sat Dec 05 15:54:22 +0000 2020	[]	0	0	https://twitter.com/bcrnews/status/1335251176175132672
This marks the third or fourth incident of racism on NDSU‚Äôs campus this week. Started off with a Snapchat group named ‚ÄòN****** R Us,‚Äô yesterday a Snapchat video w/ students reenacting George Floyd‚Äôs death was exposed &amp; now this. A campus protest is set to start @ 2pm.	503960117	Fri Dec 04 19:43:43 +0000 2020	[]	7	3	https://twitter.com/BaileyHurleyVNL/status/1334946503534768128
@SkySportsNews A comparison of the type of reaction to the massacre of 1,500 people in Iran by the government of the Islamic Republic in 2019‚Äì20 Iranian protests and the death of George Floyd, itself shows us that the fight against racism is just a game.	1277461407001387009	Sat Dec 05 17:42:18 +0000 2020	[]	0	0	https://twitter.com/downfall_expert/status/1335278338491998213
"Youth Lead the Way in Renaming St. Louis Streets: A Stand Against Racism
Youth refuse to let George Floyd‚Äôs death be forgotten. https://t.co/1l6ejebvZO"	1299389117625753600	Fri Dec 04 20:12:34 +0000 2020	[]	0	0	https://twitter.com/Stracciatella_B/status/1334953765875703811
This marks the third or fourth incident of racism on NDSU‚Äôs campus this week. Started off with a Snapchat group named ‚ÄòN****** R Us,‚Äô yesterday a Snapchat video w/ students reenacting George Floyd‚Äôs death was exposed &amp; now this. A campus set to start @ 2pm.	503960117	Fri Dec 04 19:42:59 +0000 2020	[]	0	0	https://twitter.com/BaileyHurleyVNL/status/1334946321053196289
"@acttonn That's bullshit.
Georg Floyd didn't die because he was black, if you clearly watch the full police body cam video, which you watched the wrong video, or didn't watch it it shows that his death had nothing to do with racism or being black.
You are brainwashed."	1327061809325613058	Sat Dec 05 08:07:25 +0000 2020	[]	0	0	https://twitter.com/___Nice________/status/1335133663793733633
Nike, Coca-Cola and Apple, three corporations that vehemently supported the Black Lives Matter movement after the death of George Floyd, are lobbying against a US ban on imports of products produced by Chinese slave labor. https://t.co/oKZbM0XHsY	4488301706	Fri Dec 04 15:39:34 +0000 2020	[]	1	1	https://twitter.com/DonnaJ183/status/1334885060571361280
"Nike, Coca-Cola and Apple, three corporations that vehemently supported the Black Lives Matter movement after the death of George Floyd, are lobbying against a US ban on imports of products produced by Chinese slave labor.

https://t.co/RGGABmSia3"	18643437	Thu Dec 03 18:50:31 +0000 2020	[]	878	306	https://twitter.com/PrisonPlanet/status/1334570730307117057
"Nike, Coca-Cola and Apple, three corporations that vehemently supported the Black Lives Matter movement after the death of George Floyd, are lobbying against a US ban on imports of products produced by Chinese slave labor.

https://t.co/YfdlaC3aES"	969154733301780482	Thu Dec 03 19:06:51 +0000 2020	[]	0	0	https://twitter.com/Scott_Spidle/status/1334574837994500099
"Nike, Coca-Cola and Apple, three corporations that vehemently supported the Black Lives Matter movement after the death of George Floyd, are lobbying against a US ban on imports of products produced by Chinese slave labor.
The Uyghur Forced Labor ...
https://t.co/CeeTFgFpr1"	1322713668799389697	Thu Dec 03 19:00:49 +0000 2020	[]	0	0	https://twitter.com/1BUV_News/status/1334573320595886080
"2020:
Corona virus
Kobe's death
BLM moviment
George Floyd and all black lives taken
My dad beat me
I got a job
Its an abusive job tho
All this hurts, all this makes me cry blood, but I wouldn't make through it without her. 
And id do it all again if it means I'd get to meet her."	869879252514201600	Tue Dec 01 20:22:42 +0000 2020	[]	0	0	https://twitter.com/villainsdyke/status/1333869151690117125
"It has been six months since George Floyd was killed. 

His death galvanized a racial reckoning and we can‚Äôt let the momentum subside. We must honor his memory by continuing to fight against systemic racism and police violence and demanding real change to law enforcement. https://t.co/NrYIY3nOJX"	587536673	Wed Nov 25 17:20:11 +0000 2020	[]	102	31	https://twitter.com/GiffordsCourage/status/1331648890576248833
query	Police brutality in the U.S.A
@ConsciousSent @le_renard__ @92KingCantona97 @jimliav @MrStephenHowson The policing in USA is brutal and racist and needs to change. What is this to do with U.K. police who haven‚Äôt had any significant issues of the type that began BLM in USA? U.K. police shoot no one. And what‚Äôs it to do with football?	64052564	Sat Dec 05 16:53:01 +0000 2020	[]	0	0	https://twitter.com/JJofCBL/status/1335265936283230209
@AyannaPressley No, the US gov has never given a damn about blk people, including u but now we are supposed to believe they care? The funniest was Gov Coumo of NY mentioning blacks specifically for the vaccine while police brutality, racism, &amp; poverty he lets run rampant.	1233555508348538880	Tue Dec 01 11:29:20 +0000 2020	[]	0	0	https://twitter.com/tylerrrr0711/status/1333734924164210689
@JoeBiden When u take office, please offer free ps5 for minorities. I feel as if all racism and police brutality will end because everyone is too focused on the game. Oh and if u need a new VP HMU, don't forget u have my snap üòò	705939196356202497	Sun Nov 29 17:51:28 +0000 2020	[]	0	0	https://twitter.com/CuhJavier/status/1333106317079273473
this is 2020 in a tweet!!! didnt get COVID? awesome, but it still exists. not experiencing racism/police brutality? great, but its still fucking happening. the horrible actions &amp; words that an orange idiot in charge of our country doesnt apply to u? STILL FUCKING MATTERS.	574155366	Fri Dec 04 20:26:32 +0000 2020	[]	0	0	https://twitter.com/ohheyitsrena/status/1334957281453232130
black people here have been vocal about it and protesting for years and recieved A LOT of hate. more racism, police brutality, death threats, u name it. this bc black ppl are trying to bring positive, inclusive change to a children's tradition that has hurt many of us	1908743521	Sat Nov 09 19:51:51 +0000 2019	[]	710	97	https://twitter.com/pianta_/status/1193254897615036418
@ldinsdale98 @Coonsy27 @WaveyCapes @SkySports Oh i think i understand where you are coming from; the BLM movement is a social movement originating in the U.S surrounding police brutality and coming to wide attention after G.flyod death. its is not organised it is an movement, an Idea, like the 1960s civil rights movemnt	1329249621185417216	Sat Dec 05 18:27:07 +0000 2020	[]	0	0	https://twitter.com/RussellMannatow/status/1335289613569634307
"@Jefflez @MariahCarey Actually ""Killing In the Name"" By Rage Against The Machine deserves it more. The song is about #PoliceBrutality &amp; was inspired by the #LARiots. When police brutality is so rampant right now, this is the perfect song to be #1 in U.K &amp; North America
#DefundThePolice https://t.co/ICtCT601d1"	946226966075604992	Fri Dec 04 20:55:14 +0000 2020	['PoliceBrutality', 'LARiots', 'DefundThePolice']	0	0	https://twitter.com/SurvivedChaos/status/1334964500844298240
"While videos of police brutality ""dramatize the effects of racism, there are many other, more subtle expressions of racism present in our country. Perhaps the most shameful and insidious example is that of the U.S. health care system."" #mepolitics https://t.co/Hc0SvwXYeJ"	3130338076	Sat Dec 05 12:39:20 +0000 2020	['mepolitics']	0	0	https://twitter.com/mebeacon/status/1335202091896279041
"üá®üá≥ China,  newly elected to the U.N. Human Rights Council, just reviewed the U.S.  human rights record.

""China wishes to recommend to the U.S.: 
1. Root out systematic racism, address widespread police brutality and combat discrimination against African- and Asian-Americans....‚Äú https://t.co/q2AUSKPTWZ"	83435676	Wed Nov 11 18:29:38 +0000 2020	[]	6644	2925	https://twitter.com/UNWatch/status/1326592939137650693
query	Black woman vice president
Willie is the last to get the bigger picture! Kamala Harris is the1st woman to be the Vice President and of course the 1st Black woman! She helped Biden get the win by leaps and bounds over any other pick would have! Who knows what lies ahead? Don't ask Willie!! BLM!!	3298211738	Thu Dec 03 23:40:56 +0000 2020	[]	0	0	https://twitter.com/Philpeters8/status/1334643813575376898
"RETWEET: TO ALL THE... ‚ÄúBEAUTIFUL‚Äù... BLACK WOMEN EVERYWHERE! ‚ÄúTHANK YOU!‚Äù ‚ù§Ô∏è 
WE... ‚ÄúLOVE‚Äù... YOU, AND... ‚ÄúAPPRECIATE‚Äù... YOU!

FOR FIGHTING INSTITUTIONAL RACISM AND OPPRESSION

KAMALA HARRIS, THE FIRST... ‚ÄúBLACK WOMAN‚Äù... VICE PRESIDENT OF THE UNITED STATES 

Black Lives Matter https://t.co/x7Ha8v57cq"	84509485	Sat Dec 05 14:59:03 +0000 2020	[]	0	0	https://twitter.com/corporate_hdqrs/status/1335237254835482626
"RETWEET: ‚ÄúBLACK SISTAHS RISING TOGETHER‚Äù

FIGHTING OPPRESSION AND INSTITUTIONAL RACISM 

KAMALA HARRIS, THE FIRST... ‚ÄúBLACK WOMAN‚Äù... VICE PRESIDENT OF THE UNITED STATES OF AMERICA. NOW, AND... ‚ÄúFOREVER‚Äù... WILL SHE BE RECORDED IN THE... ‚ÄúANNALS‚Äù... OF HISTORY

Black Lives Matter https://t.co/G3TBxQfIUv"	84509485	Fri Dec 04 18:47:03 +0000 2020	[]	0	0	https://twitter.com/corporate_hdqrs/status/1334932245874872324
"RETWEET: ‚ÄúBLACK SISTAHS RISING TOGETHER‚Äù

FIGHTING INSTITUTIONAL RACISM AND OPPRESSION 

KAMALA HARRIS, THE FIRST... ‚ÄúBLACK WOMAN‚Äù... VICE PRESIDENT OF THE UNITED STATES OF AMERICA. NOW, AND... ‚ÄúFOREVER‚Äù... WILL SHE BE RECORDED IN THE... ‚ÄúANNALS‚Äù... OF HISTORY

Black Lives Matter https://t.co/Vvf4RJKQGF"	84509485	Fri Dec 04 18:50:38 +0000 2020	[]	0	0	https://twitter.com/corporate_hdqrs/status/1334933146450731012
A black president, a woman as vice president, gay rights, cryptocurrency, 2020 (all of it) COVID, BlackLivesMatter, a Donald Trump presidency, legalization of Marijuana... our generation will be hard to top honestly we've seen it all including 9/11 and climate change	258413121	Fri Dec 04 19:58:00 +0000 2020	[]	0	0	https://twitter.com/MannyJalpa/status/1334950099944943618
@YellowParenti I‚Äôd say racism definitely exists but solutions not involving class are collectively neo liberalism‚Äîharsh capitalism but w anti racist training for an already weepy PMC, representation in a ghoulish but WOC Vice President, Wonder Woman+Black Panther, cancel culture, etc	336403263	Sat Dec 05 16:53:29 +0000 2020	[]	0	0	https://twitter.com/whitefeeIings/status/1335266051257323521
query	Racism on the streets
Racism is not a one way street	342157216	Thu Dec 03 23:28:01 +0000 2020	[]	0	0	https://twitter.com/Shanurtle/status/1334640564931862530
@DSheight @HackneyAbbott MacKenzie, the Bernard Manning of Fleet Street. It‚Äôs direct racism from an unapologetic life long racist.	448384985	Tue Dec 01 20:14:04 +0000 2020	[]	0	0	https://twitter.com/PhilipShortland/status/1333866980902920198
... Wes Streeting and Yvette Cooper. Are we to conclude that these MPs approve of the Tories‚Äô racism?	49392064	Tue Dec 01 11:56:08 +0000 2020	[]	0	0	https://twitter.com/James_Gale/status/1333741671306113027
@jamaaltbailey @Benedetto4NY @CarpentersNyc @BronxView @MetroPlusHealth @JamaalBowmanNY @Fernandez4NY @MayorSPH @AndrewCohenNYC @RepEspaillat Throngs neck needs homeless shelters there are people all over the streets. Do something or is this more racism on your part	1217967533669654528	Sat Dec 05 15:47:45 +0000 2020	[]	0	0	https://twitter.com/VincentEduke/status/1335249509253861379
@andrew10612 @lukecooper100 @PeterKGeoghegan @joncstone @helenpidd We're not appealing to racists, thanks. There are other ways to stop racism - the courts, and, if necessary, as at the battle of Cable Street, just beating the crap out of racists.	1329051861131939840	Tue Dec 01 09:48:07 +0000 2020	[]	0	0	https://twitter.com/gracchusbabe/status/1333709455532433409
@Ianrob12 @hozinoz @Gtrain62 @Sarah_Alice_X @sidherian It‚Äôs alright. I‚Äôve been fortunate that I haven‚Äôt experienced racism from people who can impact my life, career, etc. Copping it from some dero from the street just rolls off my back.	1267945259675250688	Sat Dec 05 08:28:07 +0000 2020	[]	0	0	https://twitter.com/artfulbunny/status/1335138873257553921
@lovereignssupr1 @jamelholley Well if he had any integrity he would stop saying its racism and admit that blacks deal drugs on the streets and that‚Äôs why they are in jail. White people don‚Äôt do that dumbass hoodrat shit.	1177959972350709760	Fri Dec 04 19:38:37 +0000 2020	[]	0	0	https://twitter.com/ClintCoolness/status/1334945220782383109
This is perfectly observed ‚Äî but on the other hand, what if we could destroy a centuries-long heritage of systemic racism by painting three words on a street?	775142	Thu Dec 03 18:14:27 +0000 2020	[]	8	2	https://twitter.com/ggreeneva/status/1334561653405446144
"@DiscussingFilm A racist country that keeps muslim people in concentration camps, that locked up a bunch of black people bcuz ""they spread corona virus"" is complaining about racism. A country that shoots its folk on streets and removes black people from movie posters. Fuck off"	1295089856838803456	Sat Dec 05 17:12:05 +0000 2020	[]	0	0	https://twitter.com/adansatekh/status/1335270733723951115
"@markmaycot I have been spat at, refused hotel accommodation, children run up touch me and run off laughing, abused in the street, the company I work for refused business while ""you employ him?"". Glad it's not racism because I'm white. Wonder what it is???"	287803809	Sat Dec 05 11:46:57 +0000 2020	[]	0	0	https://twitter.com/IanSeward/status/1335188908708126720
@sheathescholar @JessCluess You are a poor excuse of an English teacher and I hope one day you get fired and live on the streets for your racism and wokeness. You communists will be destroyed by us patriots. USA!!! Trump 2020!!!!	1327179432977518593	Fri Dec 04 21:31:48 +0000 2020	[]	0	0	https://twitter.com/FNinja31870328/status/1334973705856827393
anti-South Asian racism leads to kids being bullied so much that they end up crying to their parents that they don‚Äôt want to be ‚Äúdirty‚Äù anymore, or go to hell for being non-christian. it leads to people getting shot in bars or beaten on the street for being ‚Äúterrorists‚Äù. üôÉ	1269044482470637568	Fri Dec 04 00:08:47 +0000 2020	[]	0	0	https://twitter.com/tzefardea/status/1334650823385628673
@tashalou96 @PymPurnell @SunScot You are wrong Tash this is not about racism more like why this scumbag was allowed to roam streets after being sectioned for stabbing her mum and sister. The fact she was an illegal scum does not help. If you cant see what's wrong with all this then you have a problem.	1330190057228148739	Fri Dec 04 21:03:59 +0000 2020	[]	0	0	https://twitter.com/Nemesis884/status/1334966704301101064
Because none of us black people have any problem with Neera Tanden or with any of the rest of Segregation Joe‚Äôs Wall Street &amp; Pentagon-friendly cabinet picks. Liberal racism is getting less subtle by the day.	367843406	Sat Dec 05 17:11:13 +0000 2020	[]	0	0	https://twitter.com/morbid_elation/status/1335270513590013954
@kbye9511 @patercida and yet black people are still dying in the streets and their own homes so? please explain to us how segregation ended racism since apparently you‚Äôre the expert on all things black.	1057083916765544449	Thu Dec 03 23:04:21 +0000 2020	[]	0	0	https://twitter.com/savuschrist/status/1334634606809800709
@bullshitsir @thedailybeast Many of were arrested. Perhaps when officers are held accountable for killing people, we won‚Äôt have to take to the streets anymore. It‚Äôs not that hard to remove racist and violent officers.  Stop supporting systemic racism and wake up. Revolutions aren‚Äôt clean.	1324442672824680448	Sat Dec 05 16:42:34 +0000 2020	[]	0	0	https://twitter.com/RachelSoulden/status/1335263305552678912
@ghessepi @skekkleton Racism and the KKK? More like get out of the streets I'm trying to get to work on time hippies.	1321179485207625728	Thu Dec 03 23:38:56 +0000 2020	[]	0	0	https://twitter.com/BrokeKenBro/status/1334643309537464320
@MEDIReezy true... but streets said he left cuz of racism	945483350	Sat Dec 05 15:33:50 +0000 2020	[]	0	0	https://twitter.com/dontbelykprince/status/1335246008989597701
"@Gurrly_Gurrl @paul4indy Of course not.

For self loathing White cucks like this, ""racism"" is a one way street."	1270398197433851904	Sat Dec 05 12:50:45 +0000 2020	[]	0	0	https://twitter.com/AnEnglishGent1/status/1335204964260605953
"@GoldPillBrown There‚Äôs too many things that go unchallenged and have been so long because of the ‚Äúracism of low expectations.‚Äù Except we can‚Äôt blame the system anymore when we do these things to ourselves.  

I know that child‚Äôs mother knew who abused her. And I‚Äôll bet he‚Äôs still on the street."	1193689536	Tue Dec 01 19:58:16 +0000 2020	[]	0	0	https://twitter.com/losignal/status/1333863002848825347
query	police violence on black people
"BLM has specifically stated that they DON'T care about black people per se, they are only concerned with police violence against black people.

It must be nice to be able to compartmentalize their support of the black community."	390941487	Fri Dec 04 00:00:58 +0000 2020	[]	0	0	https://twitter.com/mgallagher465/status/1334648854030000131
"@Lrihendry BLM has specifically stated that they DON'T care about black people per se, they are only concerned with police violence against black people.

It must be nice to be able to compartmentalize their support of the black community."	390941487	Fri Dec 04 00:01:03 +0000 2020	[]	0	0	https://twitter.com/mgallagher465/status/1334648878650581009
"@TheRightCant @LeftAccidental As if he had to PROVE it was never about the ""violence"" of anti-police-brutality demonstrations... it was about sheer racism and being upset black people dislike being killed by the authoritarians / authorities"	1551037171	Fri Dec 04 00:29:34 +0000 2020	[]	0	0	https://twitter.com/Jukantos/status/1334656051354988545
"@Steve_Leave The single ONLY thing that BLM stands for is the plea for black people to be treated with decency by the police ‚Äî especially in the USA where extreme police violence is an everyday occurrence.

Your statement is a rubbish attempt to equate other things with anti-racism."	828343688183050240	Sat Dec 05 18:54:29 +0000 2020	[]	0	0	https://twitter.com/TrumpMockery/status/1335296501162110977
how many videos of prostrate Black and brown people, multi-million dollar settlements with grieving families, and anecdotal accounts of dehumanizing behavior do you have to see before you understand that racism and violence are endemic to the entire structure of policing	28185913	Thu Dec 03 18:48:12 +0000 2020	[]	0	0	https://twitter.com/volperchlorate/status/1334570143943430144
Whatever you think about the ‚ÄúDefund the police‚Äù slogan, the fact  that in our country this slogan is seen by many as more offensive than systematic racism &amp; violence against Black people speaks volumes. Disturbing volumes...	825062760954355713	Fri Dec 04 00:10:18 +0000 2020	[]	0	0	https://twitter.com/RKJ65/status/1334651206644477957
"@Domallanjam @ConorEatonSmith @goinggrey2 @crisisunveiled @travismillr @Scott00518549 @GaryLineker The BLM movement is a movement against police violence primarily against Black people. 

The opposing view is in support of racially discriminatory police violence by definition."	2383187130	Sat Dec 05 17:21:05 +0000 2020	[]	0	0	https://twitter.com/L4kepond/status/1335272997855358976
"@samanthamarika1 You‚Äôre so fu*ckin dumb. If you knew any black people, you‚Äôd know she‚Äôs getting dragged up and and down this app. Also, BLM has nothing to do with yt women tantrums and everything to do with police violence against black people. 
YOU KNOW THIS SAMANTHA!!!!!"	929188733991100416	Fri Dec 04 00:14:01 +0000 2020	[]	0	0	https://twitter.com/ShielaJonson/status/1334652141026217984
@AnthonyMiller_3 Since the rapid rise of BLM in the past year, a few black people have died from cops, while hundreds have died from criminals and dozens of police have been killed or injured. BLM 2020 is a lawless unhinging of permissive violence and destruction..	918542557474418688	Fri Dec 04 21:21:38 +0000 2020	[]	0	0	https://twitter.com/Howmanytimes77/status/1334971145293078531
@ballinger6565 @NakiaRWallace @_cpauldine LMFAO WHITE PRIVILEGE AT ITS BEST! POLICE ARE HERE TO PROTECT US. NOT TO BE OBEYED AND THEN WHEN THEY‚ÄôRE NOT OBEYED, USE VIOLENCE AND UNJUSTIFIABLY MURDER BLACK PEOPLE. Read a god damn book and sit THE FUCK down. It is because of people like you that this shit continues. #BLM	977062764	Sat Dec 05 16:43:29 +0000 2020	['BLM']	0	0	https://twitter.com/moturnn/status/1335263535199293441
The chats on this app. We have white privileged racists trying to police GBV, blaming Black people for violence based purely on our melanin as if dealing with their toxic racism isn't enough. üôÑ	402650226	Fri Dec 04 12:54:05 +0000 2020	[]	19	1	https://twitter.com/Natz_online/status/1334843419093561345
@LaurenWitzkeDE @Cernovich @GovMurphy @RepMattGaetz Let‚Äôs see- an unnecessary ‚Äúgala fundraiser‚Äù indoors, unmasked, during the worst surge in the virus, vs. an outdoor &amp; masked group protesting police violence against Black people.  Don‚Äôt you believe Black Lives Matter?  This is what you‚Äôve chosen to RT?  Wow.  #BLM	1944174986	Sat Dec 05 15:06:29 +0000 2020	['BLM']	0	0	https://twitter.com/mrowe1023/status/1335239122924003328
"@FarewellHBogart @SFLTRUMPGAL @gatewaypundit @joehoft @realDonaldTrump @USMC Agreed they're stupid people on both sides.
""23-year-old Daniel Harris, attended a Black Lives Matter protest in June, telling the Oakland County Times he was upset about the killing of George Floyd and police violence.""
A white supremacist is like a ü¶Ñ BLM is the new KKK."	761394791900782592	Tue Dec 01 20:36:22 +0000 2020	[]	0	0	https://twitter.com/Shazzan76/status/1333872589563826177
"@BigRel930 @cjtruth @realDonaldTrump @OANN All the evidence! Reality here's reality:
Blm(a farse killing blacks) 
Antifa: terrorists org.
Democrats, liberals, the left can accept the 2016 election: 
They result to rioting, looting burning peoples livelihoods, violence/ murder of innocent; citizens police Trump supp."	832117896838991872	Fri Dec 04 21:35:26 +0000 2020	[]	0	0	https://twitter.com/Risetoshinenoel/status/1334974618612842502
query	black lives NBA
IF HAVE CONNECTION WITH MEDIA OR HOLLYWOOD NBA NFL! LIVE THE HOOD AND IF LIVE THERE YOU KNOW THIS IS TRUE! TO ALL DEMOs BLM SUPPORTERS! I AM BLACK WHO YOU THINK IS STEALING MY STUFF KILLING MY FAMILY BULLYING MY KIDS NOT THE POLICE! A BLACK MAN OR WOMEN! NOT A WHITE MAN! BLK MAN	970976099864805376	Sun Nov 29 18:12:55 +0000 2020	[]	0	0	https://twitter.com/selinebowens23/status/1333111714716454915
"In 2011, Occupy was too much.

In 2020, the NBA strike for Black lives was too much.

In 2020, the internet was too much.

#Obama 
#NeoliberalInChief"	811414973985550336	Fri Dec 04 07:19:07 +0000 2020	['Obama', 'NeoliberalInChief']	589	105	https://twitter.com/PeoplesParty_US/status/1334759121321684994
@CodeMonkeyZ Ron during the NBA strike Obama negotiated a deal for nba owner to fund Black Lives Matter. Part of the deal to use Nba Arena's to count ballots. Many of the poll workers were BLM members.	1252025019892408325	Sat Dec 05 10:37:37 +0000 2020	[]	0	0	https://twitter.com/NakamotaSatochi/status/1335171460709675009
query	black people killed
"@TheTrut57998387 @WillWayIam @larryelder You're losing focus. The claim that BLM has been making is that young black people are dying in the streets at the hands of racist white cops. 

The counterclaim is that white cops do not kill nearly as many young people men as OTHER BLACK PEOPLE."	2390519324	Fri Dec 04 21:13:38 +0000 2020	[]	0	0	https://twitter.com/mcgrathmickj/status/1334969132635320328
"@MsLaToshaBrown Black males kill black people by the dozen daily in this country, where is your ‚Äúoutrage‚Äù about these lives? 

Only #BLM are the ones killed by police all other are ignored by the black community. #Hypocrites"	974796939186327554	Fri Dec 04 00:28:36 +0000 2020	['BLM', 'Hypocrites']	0	0	https://twitter.com/AKAWhiteMike/status/1334655809721135104
@nkthfc @AntWBA434 @BBCMOTD Because they only care about the small bit of white-on-black racism. They only care about black people who are killed by police or white people but ignore the fact that far more white people are killed by police in the US or black-on-black knife crime in the UK.	1273335904514555905	Sat Dec 05 17:52:28 +0000 2020	[]	0	0	https://twitter.com/rightmind89/status/1335280896241508354
@JAmandagarcia @thugvis Black Lives Matter only when killed by a cop, when black is murdered by another black not so much...let's just stop  the BS and call it certain BLM! In Chicago, 715 people have been killed this year do those lives matter?	1327672034327814145	Sat Dec 05 14:53:43 +0000 2020	[]	0	0	https://twitter.com/KevarJackson/status/1335235910183473153
@grimlock4567 Tell me about it the biggest killer of African Americans is black on black violence and blm is trying to stop an issue that there is a 0.000002% chance of happening (and that‚Äôs for everyone killed by cops not just black people which is even smaller)	3353923427	Thu Dec 03 19:38:19 +0000 2020	[]	0	0	https://twitter.com/MarkAndrewdarc2/status/1334582757243170817
@bandeauxpat the racism does not stop because you are with this  h or f whites killed the black slowly, a people who are not with their own is doomed to be destroyed	785435941	Sat Dec 05 08:50:05 +0000 2020	[]	0	0	https://twitter.com/lloydi971/status/1335144399009943552
@HermanM36169986 @time_sensative We have BLM because black people are killed in this country because of their skin color.	35994692	Fri Dec 04 20:04:02 +0000 2020	[]	0	0	https://twitter.com/McDonnellMJ/status/1334951617486053378
@MarkAndrewdarc2 //honestly when will blm actually help the black community by encouraging young black people not to kill.	1260761051144040448	Thu Dec 03 19:35:18 +0000 2020	[]	0	0	https://twitter.com/grimlock4567/status/1334582000863350786
Police killing blacks is the root cause of crime. Because cops kill black people, black people have no choice but to engage in acts which put them into contact with police	960659677574057984	Fri Dec 04 20:59:14 +0000 2020	[]	0	0	https://twitter.com/futureusrefugee/status/1334965509146746890
Everyone getting so triggered over me complaining about a racist organisation. BLM does not care for black on black murder, or Black on white murder. They don‚Äôt even care for White people killing black police. Why? Oh yeah it doesn‚Äôt fit their agenda. Also could someone...	1047132370393079808	Sun Nov 29 17:50:12 +0000 2020	[]	0	0	https://twitter.com/TNSAFC03/status/1333105997796274179
@Mrtdogg #BlackLivesMatter¬†  but y‚Äôall still killing each other ü§£ Black people in American are pathetic !	844233087185813505	Sun Nov 29 18:14:35 +0000 2020	['BlackLivesMatter']	0	0	https://twitter.com/CubiQWorldwide/status/1333112136332144647
"""In Brazil, a black youth is killed every 23 minutes. Police kill black people at a rate that's 17 times higher than that of the USA."""	16564427	Sat Dec 05 12:23:29 +0000 2020	[]	0	0	https://twitter.com/yasboogie/status/1335198104623181825
"@EPoe187 @ConceptualJames I support Colin Kaepernick battling systemic racism and white supremacy that is LITERALLY killing many millions of Black people every year, DiSpRoPoRtiOnAtElY

And Black ppl sometimes go to prison for robbery rape and murder so we all need CK to lead Abolition of prisons."	1118545177	Fri Dec 04 18:43:49 +0000 2020	[]	0	0	https://twitter.com/GaryGoddmn/status/1334931429818560515
"Another Black man harassed at @Walgreens for shopping while Black! An employee CALLED POLICE because this man ""looked suspicious‚Äù! After MULTIPLE innocent Black people killed, you‚Äôd think people would be smarter about calling police, but RACISM is deeply ingrained in their brain! https://t.co/Y1onumimaE"	151967576	Tue Dec 01 04:11:00 +0000 2020	[]	1156	286	https://twitter.com/AttorneyCrump/status/1333624614128259072
"""Black people can be racist to white people"" is not the hill you want to die on. Not only is it laughable, it's also a white supremacist tool to shift the blame and minimise the harm actual racism causes. ""See, we're the same."" No, you've exploited and killed Black people for..."	2960831866	Sun Nov 29 16:43:21 +0000 2020	[]	22	8	https://twitter.com/Ethereal_ilo/status/1333089174841384962
Keep it up #blm #antifa going good at getting more blacks killed. Saw two black people mudered last night not far from me and the murderer, black, on the loose. Had to be racismzzz or something though right? Not just black on black violence? Had to be the evil white overlords not	1251415355009847296	Tue Dec 01 11:19:22 +0000 2020	['blm', 'antifa']	0	0	https://twitter.com/kronner777/status/1333732417656406023
and ppl thinking BLM only became a thing this year...or only wanting to care about black people after seeing a video of a black person being killed üòêüòêüòê GIRL	998351811164753921	Thu Dec 03 19:48:43 +0000 2020	[]	0	0	https://twitter.com/lunoignis/status/1334585374862176258
@tweddingtonmd @larryelder BLM doesn't care about Black lives, only when they're killed by white people otherwise thy could care less.	1285999904452534277	Fri Dec 04 21:23:33 +0000 2020	[]	0	0	https://twitter.com/IN33Dfood/status/1334971629944782849
@BreeNewsome @rolandsmartin Every time black people tell it like it is. White America and especially our own status quo black people have a problem. Systemic racism, injustice; the word ‚Äúnigger‚Äù and the killing of innocent black men and women should offend people, more then the words ‚ÄúDefund the police‚Äù.	1851796722	Fri Dec 04 00:19:54 +0000 2020	[]	0	0	https://twitter.com/sharongaribaldi/status/1334653618717339650
@andrewselsky @AP @mailtribune People kill people all the time. Why is that every time a white kills a black it‚Äôs called racism? Get a life. Andrew, you are the actual racist here.	1302077728661725184	Thu Dec 03 23:08:44 +0000 2020	[]	0	0	https://twitter.com/VolkXxxxxxx/status/1334635709345361920
query	social movement
@tweddingtonmd @larryelder BLM is NOT a social justice movement.	4138569381	Fri Dec 04 19:29:53 +0000 2020	[]	0	0	https://twitter.com/LincolnSixEch0/status/1334943024216944646
@the_Nephisto @DestinyEkenye @SundayShoutsFC Not defending the OP but just clarifying the BLM movement is a political and social movement. It is a protest for change by the government AND society (and rightly so!)	234024763	Sat Dec 05 17:34:12 +0000 2020	[]	0	0	https://twitter.com/andrewhateley1/status/1335276300483895297
Social movements do not need professional Democrats.	1147583655247851527	Thu Dec 03 19:01:25 +0000 2020	[]	0	0	https://twitter.com/PlurabelleG/status/1334573469833580551
"@Omega3Riker @calvinrobinson ""BLM has morphed into a political movement.""

Debatable. And undefineable. It's a worldwide social movement. Like all things, it has a political element."	213243802	Sat Dec 05 16:39:35 +0000 2020	[]	0	0	https://twitter.com/jdpoc/status/1335262552146796545
If you consider the Black Lives Matter movement to be political, then you have subconscious racial bias, it isn‚Äôt political, it‚Äôs a social movement for equality	496057466	Sat Dec 05 16:48:03 +0000 2020	[]	0	0	https://twitter.com/Tom101Holmes/status/1335264683432009730
@SkySports BLM is not a movement. It is an organization that supports socialism. Those in England rallying behind it don't seem to be aware of the group's origins or priorities.	62426298	Sat Dec 05 17:13:20 +0000 2020	[]	0	0	https://twitter.com/ferngully44/status/1335271047025790976
@raquelreynolds @i_mehaff @BiscuitHalf @Matthew62494531 @HammerzOliver leadership of what? what do you think BLM is? its a social movement from Kenya to Australia to UK like the civil rights movement from the 1960s, its not an organization.	1329249621185417216	Sat Dec 05 18:40:11 +0000 2020	[]	0	0	https://twitter.com/RussellMannatow/status/1335292905255124993
@Oliver1878 Blm the organization does but they suck tryna profit off peoples struggles and whatnot and they‚Äôre not true marxists (obviously) because their exploiting a social movement	1250061509859950593	Sat Dec 05 16:12:31 +0000 2020	[]	0	0	https://twitter.com/timcheIsea/status/1335255741838585857
"@Alyssa_Milano BLM is the worst social movement in history.

There, fixed it for you."	1132751702879289346	Tue Dec 01 11:57:05 +0000 2020	[]	0	0	https://twitter.com/berndt_jerry/status/1333741908636610560
@gmcffcog @Brand_SCFC @SkySports I support BLM the social justice movement but I do not support all the aims of BLM the political organization	1130665263047806976	Sat Dec 05 18:41:22 +0000 2020	[]	0	0	https://twitter.com/GoldDog81122855/status/1335293200882348040
"The alliance is made up of a number of social justice organisations, several which were involved in the Repeal the 8th movement, as well as various anti-racism groups.

TDs @paulmurphy_TD, @bridsmithTD, @loreillysf and @GaryGannonTD also present."	263852933	Thu Dec 03 12:17:14 +0000 2020	[]	5	4	https://twitter.com/ronanduffy_/status/1334471754094424068
@crisisunveiled @EddieBurfi BLM the group is a very separate entity from the social movement that borrowed their name as a convenient hashtag. You know this.	912055851170635776	Sat Dec 05 17:36:56 +0000 2020	[]	0	0	https://twitter.com/mannishboy69/status/1335276984998514688
"@zawadzkidesign @PaulSres @beatsbydreUK yep.

to most sensible people (including myself!) BLM is not and cannot be an organisation. it is a social movement, a rallying cry for justice - but anyone trying to organise that and structure it is missing the point entirely."	19932151	Sat Dec 05 18:27:06 +0000 2020	[]	0	0	https://twitter.com/jordanjabroni/status/1335289610746912768
"@ErfanSW_ Feminism is a range of social movements, political movements, and ideologies that aim to define and establish the political, economic, personal, and social equality of the sexes.
https://t.co/4qDBUpahpy"	1272279252499599360	Sat Dec 05 11:42:03 +0000 2020	[]	0	0	https://twitter.com/SoroushRabiei/status/1335187679072411651
@UPS @freemomhugs I hate when corporate America tries to piggyback on social movements. It‚Äôs so disingenuous, especially when you have such terrible service and a lack of communication. LGBTQIA, BLM, etc movements have nothing to do with your company #corny #goofy	4500391457	Sat Dec 05 14:51:25 +0000 2020	['corny', 'goofy']	0	0	https://twitter.com/OgreCloud/status/1335235331914862597
@nocontextfm1 I find it incredible that people can't separate the organisation from the social movement of the same name that literally just wants racial equality. Just because they have the same name doesn't mean they are the same thing	1178019550073409536	Sat Dec 05 15:51:38 +0000 2020	[]	0	0	https://twitter.com/Goatzelll/status/1335250484991582210
@oldwhiteguy4308 @reason Because I‚Äôm against Neo-Marxist collectivist douchebaggery masquerading as a social equality movement, I‚Äôm a secret Republican?  Interesting reasoning.	1239285032159793153	Tue Dec 01 11:40:51 +0000 2020	[]	0	0	https://twitter.com/wint1208/status/1333737825150394368
"@SkySportsNews I think they need to promote the ""Kick it out"" equality campaign more over a marxist political and social movement that has caused nothing but more hate and divide."	1460764423	Sat Dec 05 16:59:07 +0000 2020	[]	0	0	https://twitter.com/ToABrickWall/status/1335267467959164935
@Jthomson1 If I'm honest I don't know enough about those organisations/groups to say where their ideology comes from. I'm aware the organisation BLM (as opposed to the movement) is socialist, but I don't fully know what form they hold. But basically any form of socialism that denies...	1317540318988951552	Fri Dec 04 18:13:10 +0000 2020	[]	0	0	https://twitter.com/ThatguyKarac/status/1334923716900376578
@Dan_hahabye @SocietalCanary @aprilrenae @Anarcish @Deoliver47 At every slight of injustice its not liberalism that comes in action but socialist leaders and progressives for a change. Like i said be it BLM, Feminism, Equal Rights and every social movements its all based on marxism and socialism.	1096344208347197440	Sat Dec 05 16:34:29 +0000 2020	[]	0	0	https://twitter.com/ammarahsan16/status/1335261270719647744
query	antifa violence
"@therecount @GabrielSterling Violence?
Has he signaling antifa and BLM to create violence?"	1002383524496674816	Sat Dec 05 15:48:34 +0000 2020	[]	0	0	https://twitter.com/AJCalMaga/status/1335249714082504704
@DavidAFrench Like BLM and Antifa, that violence? Because that‚Äôs your violence, not ours.	926849743019565056	Tue Dec 01 20:43:35 +0000 2020	[]	0	0	https://twitter.com/janice_donalson/status/1333874408591667203
@skittyone @fuzzynuts1998 @therecount @GabrielSterling Antifa and BLM are all yours. Own the leftist violence or shove off.	990583167693172736	Sat Dec 05 16:47:56 +0000 2020	[]	0	0	https://twitter.com/patriots_fight1/status/1335264654164103169
You Antifa and BLM groups set the stage for violence not Trump!	832722475314147328	Sun Nov 29 17:52:10 +0000 2020	[]	0	0	https://twitter.com/KennethSilvert3/status/1333106493881782273
@Becounted2020 Lol you should have put in there all of the violence looting and murder by antifa and blm	1241907787887673344	Sat Dec 05 16:39:38 +0000 2020	[]	0	0	https://twitter.com/TurdBird2020/status/1335262566201909249
@sciam @CharlesMBlow @SpringerNature What about BLM &amp; Antifa violence, looting, murders, burnings? Your brief is a little narrow and partisan, of course! üôÑ	1332353560500166661	Sat Dec 05 17:22:34 +0000 2020	[]	0	0	https://twitter.com/jackal_iacta/status/1335273372775817216
Obviously they don't because they never do anything about the crime and violence in our cities and don't care when Antifa/BLM burn and loot stores.	2731183409	Sat Dec 05 16:46:36 +0000 2020	[]	0	0	https://twitter.com/lostboston/status/1335264319890743297
@JonathanTurley Nothing captures our current atmosphere than Antifa/BLM doxing, threats to family/Pets, rioting, looting, burning &amp; assaulting, the violence perpetrated on conservatives for daring to disagree or come forward over corruption.	1043663457772609541	Tue Dec 01 12:10:04 +0000 2020	[]	0	0	https://twitter.com/PendragonMR/status/1333745177643585537
"I hope so...
It will forever tie blm and antifa violence to the democrats"	881609688428576769	Fri Dec 04 19:06:39 +0000 2020	[]	0	0	https://twitter.com/davesummersong/status/1334937174957903872
@Sandra17908121 @cub_rep @deals4days2 @OseKry Last I checked those rioting, looting, destroying our cities w violence / hate were the leftist ANTIFA/BLM hate mongers -  have you seen any hate/destruction from the right since election????	28164326	Sat Dec 05 13:21:55 +0000 2020	[]	0	0	https://twitter.com/duceman33/status/1335212809861406720
@therecount @GabrielSterling GFY for blaming Trump for the Democrat‚Äôs PLANNED upcoming Marxist BLM &amp; ANTIFA violence. #GoToHell	202514999	Sat Dec 05 17:53:38 +0000 2020	['GoToHell']	0	0	https://twitter.com/GodBlessOurLand/status/1335281187586240516
@LLinWood @pepesgrandma @GabrielSterling @realDonaldTrump We don‚Äôt commit violence, that‚Äôs blm &amp; antifa	952758330	Sat Dec 05 18:19:27 +0000 2020	[]	0	0	https://twitter.com/phyllisjk/status/1335287685175537666
"@Alias_Reign @realDonaldTrump Public tension? Floyd was Dems catapult to start Antifa &amp; BLM.

Funny how organised antifa was. Strategically placed bricks in the middle of nowhere.Who was supplying them with these things to use as weapons... Soros?

Dems didn't condemn the violence &amp; destruction... Trump did."	259904542	Fri Dec 04 18:06:05 +0000 2020	[]	0	0	https://twitter.com/WhutzupKitty/status/1334921933662654471
"Immediately after Floyd‚Äôs very public murder, there were protests - but these were more than just protests.

Organized groups, including white nationalists and civil war fetishists, systematically began running ops to incite violence, and blame the left, BLM, and Antifa.
/22"	1165767786150285312	Thu Jun 04 17:13:28 +0000 2020	[]	195	81	https://twitter.com/clearing_fog/status/1268591714232500224
@therecount @GabrielSterling Why didn‚Äôt you stand up against violence when BLM and Antifa were going around doing real violence? The only violence comes from the left.	19635605	Sat Dec 05 15:47:40 +0000 2020	[]	0	0	https://twitter.com/donjonsalli/status/1335249488227680256
@seanhannity Democrat-led cities are leading the way in violence, riots, crimes, and murders, aided and abetted by BLM and antifa. They have destroyed our cities and businesses. Trump is for law and order and support for police, and arresting those responsible for attacks and destruction.	1288882409241546753	Tue Dec 01 12:11:00 +0000 2020	[]	0	0	https://twitter.com/donr14653193/status/1333745411383816193
@kylegriffin1 #fAKENEWS FOR YOU AS USUAL.  Just outright lies from you Kyle!  How do you live with yourself?  It's the Democrats that have caused violence and murder with their BLM and Antifa movements!	1222935114503553026	Fri Dec 04 00:05:06 +0000 2020	['fAKENEWS']	0	0	https://twitter.com/PaulDrake0226/status/1334649896872382464
@GabrielSterling Then stop lying to us!! YOU'RE the reason there's violence. Where were you when there were antifa and blm mobs destroying our cities? You're a traitor and a disgrace to our country. #WeThePeople #Demand #JusticeForAll	1179820497334198272	Sat Dec 05 17:19:41 +0000 2020	['WeThePeople', 'Demand', 'JusticeForAll']	0	0	https://twitter.com/gotrumpsters/status/1335272645147815938
@charliekirk11 Its a message. Defund cops, let Antifa and BLM Inc. enact violence. If you defend yourself, YOU go to jail. State sanctioned terrorism.	19058132	Thu Dec 03 22:56:17 +0000 2020	[]	0	0	https://twitter.com/angusblackwylde/status/1334632578687455232
@atrupar @CFraase We heard plenty from Republicans about the threat of Antifa &amp; BLM, reeking havoc, causing violence, destruction &amp; hate.	2198964644	Thu Dec 03 18:37:03 +0000 2020	[]	0	0	https://twitter.com/tsconza/status/1334567340126523395
